-- MySQL dump 10.13  Distrib 8.0.18, for Linux (x86_64)
--
-- Host: localhost    Database: kinopoisk_fill
-- ------------------------------------------------------
-- Server version	8.0.18-0ubuntu0.19.10.1

/*!40101 SET @OLD_CHARACTER_SET_CLIENT=@@CHARACTER_SET_CLIENT */;
/*!40101 SET @OLD_CHARACTER_SET_RESULTS=@@CHARACTER_SET_RESULTS */;
/*!40101 SET @OLD_COLLATION_CONNECTION=@@COLLATION_CONNECTION */;
/*!50503 SET NAMES utf8mb4 */;
/*!40103 SET @OLD_TIME_ZONE=@@TIME_ZONE */;
/*!40103 SET TIME_ZONE='+00:00' */;
/*!40014 SET @OLD_UNIQUE_CHECKS=@@UNIQUE_CHECKS, UNIQUE_CHECKS=0 */;
/*!40014 SET @OLD_FOREIGN_KEY_CHECKS=@@FOREIGN_KEY_CHECKS, FOREIGN_KEY_CHECKS=0 */;
/*!40101 SET @OLD_SQL_MODE=@@SQL_MODE, SQL_MODE='NO_AUTO_VALUE_ON_ZERO' */;
/*!40111 SET @OLD_SQL_NOTES=@@SQL_NOTES, SQL_NOTES=0 */;

--
-- Table structure for table `actors`
--

DROP TABLE IF EXISTS `actors`;
/*!40101 SET @saved_cs_client     = @@character_set_client */;
/*!50503 SET character_set_client = utf8mb4 */;
CREATE TABLE `actors` (
  `id` bigint(20) unsigned NOT NULL AUTO_INCREMENT,
  `gender` char(1) CHARACTER SET utf8 COLLATE utf8_unicode_ci DEFAULT NULL,
  `firstname` varchar(100) CHARACTER SET utf8 COLLATE utf8_unicode_ci DEFAULT NULL,
  `lastname` varchar(100) CHARACTER SET utf8 COLLATE utf8_unicode_ci DEFAULT NULL,
  `birthday` date DEFAULT NULL,
  PRIMARY KEY (`id`),
  UNIQUE KEY `id` (`id`)
) ENGINE=InnoDB AUTO_INCREMENT=101 DEFAULT CHARSET=utf8 COLLATE=utf8_unicode_ci;
/*!40101 SET character_set_client = @saved_cs_client */;

--
-- Dumping data for table `actors`
--

LOCK TABLES `actors` WRITE;
/*!40000 ALTER TABLE `actors` DISABLE KEYS */;
INSERT INTO `actors` VALUES (1,'1','Brielle','Hartmann','1990-10-09'),(2,'2','Prudence','Considine','2012-03-06'),(3,'2','Kay','Hayes','1992-12-06'),(4,'2','Trudie','Baumbach','2018-02-06'),(5,'1','Lenora','Williamson','2009-06-14'),(6,'1','Hermann','Kuphal','1992-01-14'),(7,'2','Gracie','Dooley','1988-09-14'),(8,'1','Abby','Huel','1982-10-18'),(9,'1','Leo','Gorczany','1979-09-10'),(10,'1','Wyman','Kuhic','1985-09-02'),(11,'2','Lucio','Bode','1980-11-05'),(12,'2','Jeff','Gulgowski','2011-08-25'),(13,'2','Maudie','Emmerich','2008-11-15'),(14,'1','Angel','Cormier','1994-07-05'),(15,'1','Ressie','Wilderman','1981-06-04'),(16,'2','Pauline','O\'Hara','2006-02-01'),(17,'1','Daphnee','Skiles','1974-07-26'),(18,'1','Derrick','Kreiger','1986-04-08'),(19,'2','Dee','Tremblay','2011-07-21'),(20,'1','Josiane','Kessler','1984-05-31'),(21,'2','Ike','Mante','1994-05-26'),(22,'1','Mollie','Champlin','1996-02-18'),(23,'2','Cedrick','Pacocha','1970-05-16'),(24,'2','Christelle','Rodriguez','2004-03-02'),(25,'1','Margret','Mraz','2000-08-14'),(26,'2','Abbey','Collins','2010-04-21'),(27,'2','Dejuan','Mann','1982-08-11'),(28,'1','Brayan','McCullough','2019-10-29'),(29,'1','Hal','Hoppe','2016-04-29'),(30,'2','Sam','Wunsch','1997-05-15'),(31,'1','Pablo','Denesik','2009-03-12'),(32,'1','Juana','Mitchell','1989-02-21'),(33,'1','Davonte','Zboncak','2001-06-02'),(34,'2','Marjorie','Mitchell','1997-01-01'),(35,'1','Reanna','Williamson','2011-01-22'),(36,'2','Josh','Rutherford','2003-10-07'),(37,'2','Lavern','Rowe','2007-04-23'),(38,'1','Keira','Kutch','2008-02-12'),(39,'1','Ottilie','Reichel','2015-07-26'),(40,'1','Hugh','Cormier','1971-02-13'),(41,'1','Kane','Pollich','1976-06-19'),(42,'1','Valentina','Moore','1985-08-14'),(43,'1','Arlene','Okuneva','2003-03-12'),(44,'1','Jaclyn','Kohler','1978-08-01'),(45,'2','Larue','Rath','1994-03-02'),(46,'1','Lucious','Tromp','1974-12-26'),(47,'2','Evelyn','Gaylord','2001-01-06'),(48,'2','Marion','Stark','1982-04-11'),(49,'1','Edison','Mante','1982-05-21'),(50,'2','Collin','Kuvalis','1978-02-16'),(51,'1','Garret','Halvorson','2004-01-29'),(52,'1','Mara','Fritsch','1995-03-31'),(53,'1','Gene','Schultz','2012-01-18'),(54,'1','Austyn','Emard','2019-01-07'),(55,'2','Dimitri','Boyle','1970-02-27'),(56,'1','Ellsworth','Kautzer','2015-05-24'),(57,'2','Henderson','Stokes','1998-06-23'),(58,'2','Freida','Kovacek','1973-04-13'),(59,'2','Cristobal','Koepp','2012-12-26'),(60,'2','Nannie','Wolff','2018-06-02'),(61,'1','Isaac','Dickens','2011-06-20'),(62,'2','Jannie','Cartwright','1987-10-24'),(63,'2','Grover','Crona','2010-06-10'),(64,'1','Derek','Labadie','1972-05-24'),(65,'2','Zechariah','Raynor','1991-07-17'),(66,'2','Laurie','Jaskolski','1979-07-10'),(67,'2','Mohammed','McDermott','2007-10-08'),(68,'1','Willard','Beier','1994-02-16'),(69,'2','Doyle','Hermiston','1983-03-25'),(70,'2','Cayla','Corkery','2004-01-13'),(71,'2','Monserrat','Moore','1995-08-12'),(72,'1','Una','Kunze','2006-06-06'),(73,'2','Kailee','Moore','1972-12-22'),(74,'1','Royal','McClure','1986-01-11'),(75,'2','Lou','Spencer','1991-12-26'),(76,'1','Juvenal','Oberbrunner','1971-10-22'),(77,'1','Joey','Murray','1980-01-19'),(78,'2','Diamond','Steuber','1983-06-26'),(79,'1','Terrence','Schuppe','1999-03-17'),(80,'2','Barney','Sanford','1988-03-31'),(81,'1','Tillman','Cassin','1978-05-11'),(82,'1','Doyle','Effertz','1971-01-23'),(83,'2','Lorine','Murazik','2010-06-05'),(84,'2','Percy','Labadie','1981-10-15'),(85,'2','Jane','Okuneva','1979-12-23'),(86,'2','Lucas','Swaniawski','1994-11-06'),(87,'2','Johnnie','Cole','2013-04-30'),(88,'2','Lizeth','Wisozk','2003-06-18'),(89,'1','Mary','Graham','1971-08-22'),(90,'2','Laurine','Botsford','1993-04-22'),(91,'2','Dena','Skiles','1997-02-03'),(92,'2','Herman','Windler','2014-09-08'),(93,'1','Martine','Ondricka','1999-04-30'),(94,'2','Esmeralda','West','1985-10-27'),(95,'2','Raul','Ziemann','1970-12-30'),(96,'2','Alvera','Ryan','2008-07-05'),(97,'1','Alexandrea','Bogan','1981-01-09'),(98,'2','Trystan','Schneider','1992-10-31'),(99,'2','Elbert','Kuhlman','1987-06-27'),(100,'1','Esmeralda','Rodriguez','1982-03-04');
/*!40000 ALTER TABLE `actors` ENABLE KEYS */;
UNLOCK TABLES;

--
-- Table structure for table `comments`
--

DROP TABLE IF EXISTS `comments`;
/*!40101 SET @saved_cs_client     = @@character_set_client */;
/*!50503 SET character_set_client = utf8mb4 */;
CREATE TABLE `comments` (
  `id` bigint(20) unsigned NOT NULL AUTO_INCREMENT,
  `from_user_id` bigint(20) unsigned NOT NULL,
  `film_id` bigint(20) unsigned NOT NULL,
  `body` text CHARACTER SET utf8 COLLATE utf8_unicode_ci,
  `created_at` datetime DEFAULT CURRENT_TIMESTAMP,
  PRIMARY KEY (`id`),
  UNIQUE KEY `id` (`id`),
  KEY `film_id` (`film_id`),
  KEY `from_user_id` (`from_user_id`),
  CONSTRAINT `comments_ibfk_1` FOREIGN KEY (`from_user_id`) REFERENCES `users` (`id`),
  CONSTRAINT `comments_ibfk_2` FOREIGN KEY (`film_id`) REFERENCES `films` (`id`)
) ENGINE=InnoDB AUTO_INCREMENT=301 DEFAULT CHARSET=utf8 COLLATE=utf8_unicode_ci;
/*!40101 SET character_set_client = @saved_cs_client */;

--
-- Dumping data for table `comments`
--

LOCK TABLES `comments` WRITE;
/*!40000 ALTER TABLE `comments` DISABLE KEYS */;
INSERT INTO `comments` VALUES (1,51,87,'Itaque ut sed saepe est a beatae nihil. Fugit itaque tempore sit sed. Nihil quod enim blanditiis et. Facere harum quaerat voluptatem libero facilis consequatur.','2010-08-31 11:50:19'),(2,72,4,'Rerum saepe perspiciatis qui ipsum illum cum. Nam similique molestiae non quia ipsa dolore accusantium. Dolorem et cupiditate placeat accusantium sit non nam esse. Harum eos aut corrupti cum cumque.','1990-05-20 17:14:21'),(3,29,63,'Quibusdam aut consequatur quae voluptatem architecto rerum. Et asperiores magni tempore saepe. Alias nihil enim voluptatem sint qui delectus nihil. Aut optio eos aspernatur et.','1986-07-08 07:43:40'),(4,93,33,'Corporis tenetur numquam voluptates odit deleniti fuga. Nulla non est blanditiis inventore molestiae explicabo ut suscipit. Velit aspernatur qui possimus et ratione asperiores molestiae consequatur.','2016-09-17 15:57:53'),(5,66,81,'Optio aliquam quo dignissimos enim natus. Laborum numquam velit ut voluptates a. Nisi dolorum reprehenderit ut. Tenetur aperiam commodi incidunt.','1986-02-08 15:13:06'),(6,54,62,'Nostrum est dolor a molestiae voluptas. Est quam explicabo velit harum quos sit unde. Omnis recusandae reiciendis ab quis cum.','2009-09-01 06:26:08'),(7,40,17,'Esse exercitationem ducimus et et. Non numquam est fugiat et distinctio aut.','1985-11-20 04:10:02'),(8,75,68,'Minima consequuntur consequatur tempore accusamus temporibus aut ut fuga. Itaque expedita rerum est enim veniam qui debitis. Doloribus optio ut laborum iusto voluptatem quia.','2001-03-26 08:11:02'),(9,10,70,'Consequatur ipsam vel labore provident qui. Incidunt tenetur dolor accusamus. Officiis ab vel modi iusto. Eveniet et qui saepe voluptas qui. Voluptate quis laboriosam voluptas omnis repudiandae sunt.','2018-07-17 18:49:07'),(10,37,54,'A consequuntur iste sit fugit et harum. Voluptatem eos voluptatem qui optio id minus.','2004-09-05 12:51:26'),(11,82,33,'Dolorem modi sint est expedita non quas non. Id fuga possimus cupiditate accusantium. Tempora vel corporis distinctio.','2018-09-14 22:50:29'),(12,78,80,'Voluptatem molestiae beatae tempore eligendi ea quidem. Aut dolores rerum et nulla laborum. Consequatur nihil quia voluptatem laboriosam aut vel.','1990-10-30 20:28:39'),(13,86,75,'Consequatur cumque pariatur aut dicta at. Praesentium esse nesciunt quia sint quia et fuga. Ut et sint itaque deleniti quibusdam earum neque. Voluptatem porro occaecati accusantium.','1998-09-08 00:40:37'),(14,99,11,'Ut cum eligendi officia tempora dolores provident. Iure similique aliquid facilis nobis. Eos consequuntur laudantium quae unde. Est facilis exercitationem impedit. Repellat et cumque amet sed.','1986-07-11 09:32:41'),(15,77,19,'Beatae perspiciatis illum maxime dolorum quos aut. Sint sed quasi est porro culpa rerum harum ut. Qui aliquam perferendis autem provident quaerat dolores accusamus officiis. Aut velit fugiat omnis quo.','1996-01-22 09:15:17'),(16,5,76,'Sed ut aut fugit repellendus aliquid esse hic. Reiciendis eaque eum quidem quia. Iure ad porro nostrum quasi minima. Quod et aut quasi eligendi minus.','2002-03-25 02:58:21'),(17,97,38,'Laudantium porro doloribus fugiat nihil qui. Consequatur adipisci et sit error. Corporis maiores aut nihil voluptas quam aut. Nihil aliquam voluptates fuga omnis et mollitia. Occaecati laborum voluptatem quaerat error cumque.','1979-10-09 10:07:50'),(18,7,42,'Nostrum quis voluptas vel minima. Ad animi enim iusto dicta temporibus dignissimos quia. Voluptate dicta dolorem maxime.','1986-05-08 05:04:04'),(19,54,89,'Veritatis et totam illum accusamus nisi cum. Sapiente nisi perspiciatis sed qui. Et illum culpa aliquam laboriosam qui cupiditate ab.','2013-02-27 07:15:43'),(20,30,64,'Ipsum est voluptas voluptas quam nemo. Temporibus ducimus sapiente minima cupiditate ut exercitationem qui enim.','1977-04-21 03:47:56'),(21,55,48,'Est quia aut molestiae ut quis temporibus ut omnis. Sunt cum perspiciatis fugiat sapiente sint.','2006-05-06 02:39:30'),(22,75,7,'Ut aut et odit nihil dignissimos consequatur consequatur. Illum quis itaque ea voluptatibus sit quidem neque. Et eum facere fuga est suscipit natus. Voluptatem ut et quasi distinctio dolorem. Laudantium dolorem neque laborum autem harum quia velit.','1988-10-14 21:44:09'),(23,98,61,'Dolore sunt et ea facilis sed quisquam consectetur. Provident voluptatibus similique quasi ipsam qui qui. Repellendus qui qui suscipit aut. Non sequi possimus porro praesentium.','1988-09-06 03:29:08'),(24,84,67,'Vel ea tempore repellendus repellendus earum non. Est dolor eligendi tempore maiores in repellendus nobis. Minus autem minima voluptatum sit aliquam recusandae.','1993-03-16 19:48:59'),(25,63,94,'Ipsum enim repudiandae optio quod. Ratione dicta inventore minima et. Et dolore et earum quaerat id minus.','1983-04-01 02:06:26'),(26,59,19,'Quis rerum beatae inventore corrupti tenetur quos. Odio accusamus suscipit nam accusamus quo hic. Rem ipsa deserunt optio.','1986-04-26 14:50:01'),(27,60,13,'Praesentium fugit sequi modi in voluptates. Consequatur omnis iure ipsam consequatur quisquam. Incidunt repellendus quo excepturi vel explicabo.','2008-04-19 10:59:33'),(28,61,73,'Officia modi rerum error et sint magni. Tenetur qui rerum maxime reiciendis neque. Sit occaecati mollitia debitis dicta. A ut dicta a debitis.','1971-10-26 11:55:12'),(29,31,81,'Praesentium beatae at delectus ad. Ullam consectetur voluptatem nihil perspiciatis earum. Nostrum itaque laboriosam consequatur labore non itaque. Ut autem ab distinctio dolores eos deserunt. Ipsam ullam et soluta qui consectetur nesciunt dolore.','2017-09-25 04:59:30'),(30,83,72,'Qui aut voluptatem pariatur eum et aspernatur et qui. Aut rerum fuga cupiditate modi quod asperiores. Pariatur est voluptates rem ut. Voluptatem quaerat minima dolor quis.','2018-05-28 18:51:21'),(31,42,89,'Mollitia voluptatibus voluptates culpa omnis molestiae. Officiis earum quia tempora autem earum qui laudantium minus. Itaque et vel fuga.','1990-02-08 13:28:25'),(32,34,42,'Sint explicabo perferendis temporibus et. Illum qui sed temporibus ab libero vero soluta. Autem expedita ab porro eum qui. Beatae sint ut expedita in sed commodi.','2002-05-29 05:47:58'),(33,18,41,'Assumenda explicabo et reiciendis qui sit incidunt eum odio. Facere et voluptatem quo ratione ab exercitationem soluta. Libero repellendus repellat commodi vel aut occaecati incidunt suscipit. Voluptatem qui expedita explicabo qui molestiae nihil.','2004-03-23 02:59:04'),(34,22,55,'Similique incidunt voluptate aut tempore inventore. Minus maiores ut dolor facilis. Ut velit voluptas ad et aliquid sed at. Voluptate voluptatem eaque ut ullam voluptas. Laudantium assumenda enim dignissimos beatae maxime accusantium.','1970-01-27 05:30:17'),(35,27,48,'Et aliquid vero ipsum neque sunt vel. Aperiam omnis ut illum est quisquam. Maiores odio repellat a est consequatur et doloribus.','1995-02-21 11:47:52'),(36,50,71,'Id rerum quas ullam ex eos. Eligendi quia quibusdam eos soluta adipisci et. Laudantium quae totam maxime quod.','2017-10-20 02:24:18'),(37,12,42,'Iure ut voluptatem ullam eaque vel ea harum. Officia dolorem aut est placeat. Omnis cumque omnis est dolor.','2019-03-09 08:20:55'),(38,51,96,'Qui iure ut fugit eveniet qui adipisci ut. Eaque velit totam iste aliquam atque excepturi voluptas. Eum at aperiam aut quod. Consequatur doloribus in ratione qui quasi doloremque et.','2004-02-24 13:38:42'),(39,77,63,'Corrupti fuga enim consequatur nihil minima illum. Doloribus labore repudiandae accusamus maxime sequi vitae aut. Nemo vitae et maiores et aut voluptas quo id.','1970-11-08 11:44:42'),(40,37,5,'Explicabo sunt voluptas reprehenderit voluptates. Distinctio hic eum molestias nam. Cum tenetur maxime voluptatum assumenda et aliquam consectetur. Minus quidem iste nesciunt eos.','1989-06-21 08:54:25'),(41,57,86,'Rem veritatis consequatur sit veniam. Atque voluptates ad laudantium qui quia doloremque. Voluptates atque aut qui dolor dolorem quibusdam soluta. Velit facilis et natus possimus.','2003-02-05 21:49:30'),(42,98,10,'Vero quibusdam quibusdam officia ipsa aut suscipit illo. Quo ea et in nemo fugit repellat magnam. Temporibus est quae magni ducimus ex.','1979-07-22 13:01:12'),(43,17,57,'Molestiae aut sed omnis ratione dolorem nulla voluptatem quis. Reiciendis reiciendis delectus voluptas. In omnis deserunt ad quod distinctio.','1973-05-25 09:06:19'),(44,99,3,'Beatae minus inventore modi. Quia numquam perferendis asperiores qui dolor. Ratione natus consequatur sed aut. Dignissimos molestiae architecto accusantium velit atque nihil.','1987-07-04 22:37:53'),(45,81,19,'Quos molestiae sint qui eligendi adipisci quidem provident. Consectetur eum et aliquid earum et sit.','2015-02-01 17:09:59'),(46,59,6,'Totam vero officiis velit et. Deserunt exercitationem est fuga ullam voluptate eum harum. Vel laborum iste distinctio.','2017-07-27 04:08:45'),(47,20,8,'Rem facere recusandae quidem laborum vitae non. Aspernatur omnis labore velit omnis beatae. Impedit illum qui facere nesciunt rerum fugiat vel aut. Eos nemo aut saepe laudantium fuga voluptas.','1976-01-01 09:37:57'),(48,84,39,'Unde corrupti dolorem sint ex. Aut est laborum optio sint. Quo perspiciatis atque nesciunt est.','2014-07-13 00:36:05'),(49,31,90,'Magni deleniti nulla illo ut sint possimus. Error nobis aspernatur fuga reiciendis voluptatem quia eveniet. Laudantium facilis assumenda accusantium impedit nostrum cumque est. Dicta mollitia nulla distinctio sunt nisi eos dolore.','1979-11-11 21:31:53'),(50,63,58,'Est nam blanditiis nihil nam. Aut reiciendis ea cum recusandae laboriosam distinctio. Quasi natus eum ut sapiente et consequatur quia.','2009-09-13 16:28:30'),(51,67,53,'Ut deserunt repellendus voluptas dicta. Esse et error ut sed rerum officia officiis. Tempora velit natus suscipit voluptatem ratione consequuntur sit dolores. Molestias non dolores tempora rem quo quia illo voluptatibus.','1980-12-26 22:54:08'),(52,4,62,'Eligendi et sunt cum asperiores. Occaecati incidunt deleniti ea vero. Dignissimos quas est accusantium eum repellat.','1973-12-28 13:46:17'),(53,22,54,'Consequuntur aut officia reprehenderit id ut sint officia. Ut nihil sint adipisci suscipit.','2001-02-06 05:03:23'),(54,83,54,'Asperiores dolorem ut alias tempore a quo aut. Id dolores id sed. Veritatis laboriosam optio quisquam unde a repudiandae quis ea. Iusto earum laboriosam qui.','2013-01-09 09:49:24'),(55,6,86,'Velit consequuntur neque atque ipsa tenetur itaque et. Totam qui tempore soluta. Ullam rerum eius qui corrupti dolorum aut consequatur nesciunt.','2004-10-01 05:41:57'),(56,34,59,'Nemo animi dolore quo delectus nihil cupiditate sunt. Sunt suscipit illo totam a. Ipsa ea id est sint veritatis omnis. Non omnis tenetur commodi ex quia consequatur.','2000-11-08 02:45:55'),(57,72,37,'Odio quod dignissimos dolores cum et ut voluptates. Voluptate sit in repellendus ad veniam. Minus odio voluptatem est. Facilis sed quisquam optio minus laborum dolores laborum aut.','2015-01-07 03:58:58'),(58,43,34,'Inventore sequi nulla est eos rerum. Aut voluptas ut deleniti.','1981-08-31 10:43:33'),(59,26,30,'Et non dicta corporis qui. Impedit veniam non commodi et. Ut atque debitis tempore esse omnis accusamus modi. Quas quis officia odio quo.','1975-06-03 02:13:29'),(60,92,56,'Vel repellendus et placeat ipsum voluptatem ut. Ut dolor autem facilis consectetur saepe.','2018-11-06 21:38:08'),(61,84,77,'Ratione dolores molestias numquam distinctio aspernatur officia. Ut rerum harum officiis quas et. Animi eum culpa beatae quibusdam consequatur illo molestiae. Aut et sapiente culpa veritatis voluptatem impedit ea.','2003-09-14 08:30:03'),(62,19,73,'Alias corporis et optio cumque et perspiciatis labore beatae. Tempore accusamus quo molestiae saepe. Laboriosam aut occaecati sunt qui totam.','1980-08-15 09:01:35'),(63,1,50,'Quasi sunt odit ut ut. In dolores minima vero neque nihil in expedita. Ipsa praesentium repudiandae dolorem quaerat et. Doloribus impedit perspiciatis accusantium nihil.','1976-11-21 21:57:27'),(64,100,6,'Rerum officia aut ut minima hic et eveniet. Occaecati atque inventore amet delectus quisquam. Optio at est aut a id facere mollitia.','1999-03-30 02:52:14'),(65,35,32,'Eum et est modi. Sunt veniam earum quos deleniti libero omnis excepturi quia. Voluptatem fugiat aspernatur cumque accusamus commodi quia.','1999-12-27 16:33:31'),(66,39,82,'Culpa maxime eveniet impedit qui quidem magnam aut maxime. Nulla placeat totam consequuntur. Doloribus est maxime voluptas eaque. Omnis dicta labore aut unde. Odio ducimus modi voluptate quaerat qui.','1974-01-07 17:33:24'),(67,25,41,'Officia temporibus dolores voluptas quam dolor illum quisquam tempore. Magnam sapiente possimus sit. Autem dicta tempora est ad voluptas eos. Iste molestiae aut nobis dolor est.','2013-03-17 18:49:59'),(68,43,90,'Et consequuntur officiis fugit maiores architecto veritatis. Et adipisci enim ad qui. Quia velit qui asperiores laborum possimus necessitatibus. Quidem aperiam odit dignissimos qui laudantium.','2001-09-10 19:01:43'),(69,45,17,'Nemo sint unde qui non quo aut alias. Consequatur accusantium odio consequatur fugit mollitia fugiat possimus. Consectetur ea ut ipsum facere. Excepturi sequi aut accusamus et corrupti qui molestias. Non et minima laudantium impedit vitae laborum.','1991-08-08 08:03:57'),(70,85,82,'Laboriosam doloremque animi quia error. Minima rerum voluptates veniam architecto nobis perferendis. Reiciendis veniam mollitia totam fugit optio molestias.','2013-04-16 05:03:40'),(71,23,40,'Omnis culpa cum itaque. Odit voluptate deleniti recusandae et maxime ut magnam. Itaque quidem consequuntur pariatur. Dolor qui culpa id id iste similique dolores.','1971-03-22 10:44:24'),(72,85,23,'Quo maiores nesciunt delectus voluptatum ut consequatur dolores. Sint aliquid officia unde. Voluptas sit voluptate ut tempore at sapiente.','2004-02-18 19:02:16'),(73,96,80,'Qui explicabo autem autem quasi. Molestias unde sint vitae nesciunt. Nam fugiat aut cum voluptatum possimus labore ut.','1977-09-24 01:40:10'),(74,25,35,'Itaque ut voluptas ut quod ex. Facere quis fuga dolore et ea quas aut. Magni dolore ullam laudantium. Ut harum ex laborum illum voluptas voluptatibus aspernatur. Laudantium ut vel quo earum id.','1979-08-02 09:38:37'),(75,38,87,'In debitis aliquid sed saepe beatae qui distinctio sed. Molestiae distinctio dolores atque nihil provident. Eligendi qui sed consequatur facere ut.','2005-10-19 19:26:22'),(76,43,75,'Laboriosam accusantium sequi molestiae ad perspiciatis officia. Ut ipsum sit veritatis consequatur possimus in.','1977-12-04 22:28:58'),(77,61,78,'Quisquam quidem aperiam deserunt laborum odio. Rerum magni ab deserunt et hic iure cumque. Ex architecto cum deserunt et.','1985-06-05 20:02:50'),(78,42,33,'Veniam porro et possimus voluptatem optio blanditiis dolor in. Omnis animi itaque non repellendus nobis.','1972-02-22 11:30:22'),(79,18,11,'Delectus fugit reiciendis debitis. Dolorem assumenda ipsa dolorem error libero. Quasi hic repudiandae voluptatibus repellat veritatis aperiam.','1978-07-08 06:26:26'),(80,77,100,'Laboriosam aut ipsum perferendis natus recusandae consectetur. Et eius natus aut. Facere quia quod laudantium quo dolores sunt ex id.','2012-12-02 10:14:54'),(81,79,64,'Deserunt porro aliquam nobis voluptate. Sed ducimus dignissimos aliquam cum laboriosam facere ut ut. Maiores adipisci accusamus aut omnis at.','1973-03-02 03:12:25'),(82,32,97,'Aperiam atque deleniti quaerat quo sit est fugiat. Aut error aspernatur aut cumque laborum aut qui recusandae. Occaecati voluptas repudiandae facilis fugiat numquam a.','2013-11-28 00:38:03'),(83,71,77,'Autem asperiores dolorem quia et reprehenderit. Ut cumque maiores qui accusantium qui ad id quia. Laudantium sed non ut voluptas repudiandae quibusdam debitis. Et alias asperiores a quia.','2010-11-01 20:36:46'),(84,10,7,'Aut et eius et id inventore rerum. Aliquid ex qui pariatur perferendis. Molestias consequatur quis corporis voluptatem iusto vero ut beatae. Sint est non debitis et consequatur necessitatibus perferendis.','2015-04-15 18:29:00'),(85,70,58,'Quod quas et illum. Quos dolorum tenetur nesciunt sequi recusandae laborum enim. Aut ipsam magnam doloribus. Consequatur ut aliquid et nihil animi voluptatem necessitatibus.','1983-08-12 07:30:13'),(86,21,83,'Similique repudiandae laboriosam iusto. Odit aperiam at perferendis adipisci qui. Vel sunt consectetur quo est repudiandae pariatur.','1977-04-04 21:08:36'),(87,94,12,'Velit illum ipsum incidunt perspiciatis ratione quasi. Sapiente repellendus omnis minus culpa. Consectetur et architecto aut vel quod sit.','1976-05-29 17:51:22'),(88,64,53,'Nihil necessitatibus sed quod aspernatur. Eos aut deserunt et voluptatem et fuga ut consequatur. Quia autem eos dolore est ratione. Non voluptatem laudantium dignissimos explicabo molestiae eum aut dolore. Aut itaque facilis unde et.','1977-02-15 16:49:23'),(89,10,78,'Esse inventore pariatur omnis vel dolorum repellendus. Delectus est esse natus delectus. Similique et dolores ratione nihil a in.','2013-12-17 08:51:47'),(90,10,45,'Ipsam neque labore ratione repudiandae et. Et ipsa rerum quasi. Quia facere explicabo similique ex.','2016-02-03 13:06:30'),(91,53,54,'Excepturi ipsam omnis doloribus et repellendus iusto. Molestiae voluptatum quia sequi aut accusantium nemo. Eos corporis fuga tempore asperiores soluta delectus.','1989-04-05 14:23:35'),(92,41,88,'Rerum quis sequi impedit itaque exercitationem aut. Et ut sit voluptas earum. Rerum voluptatibus totam eum quis.','1997-04-03 06:51:31'),(93,68,25,'Incidunt beatae reprehenderit qui quaerat quo officia alias. Eum laboriosam assumenda soluta velit numquam quo. Tempore suscipit voluptatem ipsam qui.','2005-12-30 10:35:47'),(94,70,22,'Ad occaecati adipisci quasi est voluptas velit. Temporibus qui mollitia esse molestias. Tenetur iure autem aut quia assumenda vel.','2007-08-08 16:43:19'),(95,7,86,'Voluptatibus omnis voluptatum laborum. Debitis minus est necessitatibus neque recusandae. Quia qui quod ut non sed.','1980-04-28 05:50:20'),(96,80,87,'Voluptatibus molestiae sint eius ut qui incidunt. Qui tenetur debitis assumenda et suscipit aliquam voluptas. Quia vero maxime magnam et voluptas dolorum veniam.','2007-09-27 13:58:09'),(97,19,28,'Magni voluptatem culpa voluptas ea. Animi velit dolor earum corporis et.','2001-08-24 17:52:13'),(98,61,11,'Maxime tenetur nemo molestiae. Dicta sint officiis tenetur deleniti. Et dignissimos rerum deleniti laudantium ducimus repellat. Quo optio dicta et.','2015-04-15 01:27:17'),(99,33,65,'Facere ratione itaque maxime tempore. Sint et distinctio sunt ducimus dolores perferendis. Et quibusdam exercitationem eum qui voluptas repudiandae. Fuga reprehenderit labore sequi omnis.','1987-07-03 23:17:07'),(100,51,15,'Voluptatem ea qui enim vel et. Sit rerum velit officiis voluptas molestiae quo. Eum dicta pariatur enim praesentium quos. Et quidem sed explicabo modi. Dolor voluptate aperiam dolor qui dolores illo dolor eveniet.','2000-10-01 07:53:50'),(101,52,45,'Dignissimos incidunt aut impedit ut. Aut commodi saepe suscipit est doloremque. Cum eos vero distinctio ullam reprehenderit reiciendis dolor.','2008-12-03 12:57:11'),(102,82,4,'Sequi perferendis eum et explicabo at qui. Aut et rerum qui eaque nemo et. Aspernatur et hic nemo nesciunt eum.','2005-03-18 19:19:35'),(103,39,89,'Pariatur et quisquam repellat quasi. Exercitationem sapiente voluptate ut illum. Quo rerum vero soluta omnis esse doloremque dolores. Provident vel natus aut consequatur vero.','2000-06-03 13:33:18'),(104,62,90,'Commodi ut corporis id placeat. Officiis ut dicta eaque et. Facilis voluptatem reprehenderit sed natus enim.','2018-06-04 08:03:28'),(105,48,98,'Autem ut et voluptatum sed impedit quas debitis. Ut sit quasi est dolor ut est. Quibusdam qui iste iure earum iusto. Voluptas vel tempore aut natus delectus laudantium ut.','2009-06-03 02:05:51'),(106,41,44,'Debitis fugiat nostrum odio et saepe et iste. Et sint quaerat quibusdam exercitationem. Soluta consequatur cupiditate rerum quasi.','1981-11-14 16:28:01'),(107,35,85,'Nisi nemo repudiandae nihil assumenda et tempore. Facere eum laborum qui eius. Voluptatum ut animi dolorem repudiandae incidunt sit. Illo nesciunt et alias atque. Fuga non mollitia sed culpa et ut.','2007-10-15 03:03:09'),(108,58,100,'Itaque quia voluptatem ipsum soluta. Ex doloremque et pariatur et. Optio repellat delectus similique dolor.','1988-04-14 07:13:28'),(109,33,17,'Sit aliquam consectetur repellendus ipsa maiores repellendus dolore. Quia omnis sit porro dolor consequatur. Cupiditate eos consequatur vel sapiente illum eligendi eaque esse.','2012-01-11 00:56:09'),(110,60,94,'Perspiciatis architecto magnam voluptate nesciunt. Beatae rerum ullam rerum quia. Et corrupti ut cupiditate ut molestias nemo accusantium. Fugit et minima rerum fugiat. Occaecati omnis et qui voluptates.','2002-05-16 07:00:58'),(111,27,89,'Ab est sapiente quis. Id aut est corporis occaecati occaecati. Sit in fuga natus cumque et sunt fugit. Sapiente quisquam blanditiis placeat vel. Hic eligendi ratione non necessitatibus officiis suscipit qui.','1974-07-13 09:10:20'),(112,53,31,'Dolorum quis ea ducimus enim et voluptate. Voluptate velit aut est dolorum non sint ut facere. Libero aut est reiciendis sed dolor maiores natus. Temporibus modi ipsa est et.','1982-07-02 03:51:07'),(113,98,26,'Sapiente iste omnis amet consequatur. Dicta aut ex id et dolorum. Et est et quibusdam.','1976-07-02 15:32:09'),(114,85,77,'Vel iure minima perspiciatis repellat. Repellendus occaecati mollitia repudiandae quas commodi. Voluptas repellendus dolorem doloribus dolorum nam. Quia nam nostrum eaque earum qui et. Corrupti non dolor soluta et aut temporibus.','1994-05-28 16:27:12'),(115,53,100,'Illum ut reiciendis qui. Numquam aut et eius atque voluptatum repellendus. Dolor dolores dicta sequi.','1974-02-25 11:54:52'),(116,32,32,'Quas porro nesciunt suscipit in rem. Sit vitae perferendis tempora asperiores tempore deserunt voluptas. Et quam ipsam sed ipsum. Cumque delectus omnis eligendi eum saepe dolore sequi.','2009-09-25 05:45:36'),(117,33,58,'Voluptatibus omnis aliquam sed explicabo. Debitis consequatur itaque eum magnam. Qui quis qui ut laboriosam sed.','1996-07-28 22:54:04'),(118,9,60,'Enim quae laboriosam esse animi. Itaque enim nesciunt quidem voluptate impedit incidunt eveniet. Dolor tempore repellat iure. Distinctio asperiores commodi magni rerum dolor.','1983-11-16 18:31:26'),(119,78,93,'Quas est cupiditate et corrupti. Nesciunt accusamus recusandae voluptatem sit porro. Quo et nisi sed optio.','1989-01-20 06:25:32'),(120,18,26,'Labore velit deleniti voluptatum quia. Voluptatem omnis quaerat eum numquam dolorem. Quae nisi qui nihil impedit dolor. Aut eos dolor et natus omnis.','1994-11-19 17:34:27'),(121,43,71,'Eos voluptas nihil sed qui. Exercitationem laborum quidem eos aperiam nisi non porro. Quas quidem ratione debitis ut aut rerum architecto quidem. Qui ut eligendi fuga magni.','1990-12-28 06:36:39'),(122,14,23,'Consequuntur delectus consequatur consequatur inventore in explicabo dolorum. Occaecati quaerat earum corrupti eos et sit. Provident optio amet nulla.','1996-09-26 06:10:49'),(123,34,62,'Incidunt et et sed ut. Eum sed maxime et. Mollitia veritatis cupiditate repellendus sint numquam.','1981-01-03 23:00:34'),(124,18,93,'Architecto necessitatibus vel qui hic minus asperiores. Quae minus cupiditate natus eos. Ex voluptatum nulla enim tempore odio.','1976-10-17 12:22:37'),(125,8,29,'Odit ex animi nemo voluptas quis dolorum. Voluptates aperiam quos quae cupiditate quia qui deleniti. Velit deserunt saepe repudiandae quod.','1998-09-15 02:34:10'),(126,35,56,'Recusandae sunt est provident sequi et. Occaecati sapiente qui reiciendis. Eligendi iusto voluptate assumenda consequatur ut omnis. Ipsum ex voluptatibus adipisci.','2003-07-06 08:53:13'),(127,5,37,'Consectetur ut incidunt voluptate animi maxime officia accusamus. Eveniet voluptatem maxime perspiciatis cupiditate dolores provident. Et non sint magni aut ut nam. Pariatur similique rem corporis fugit quia.','1978-03-16 02:42:32'),(128,3,25,'Facilis voluptatem repudiandae rem libero maiores laudantium qui. Omnis eum modi sint aut autem. Ut earum illum error. Odit minima consequuntur error ut natus explicabo.','1986-04-29 21:28:50'),(129,57,78,'Qui eaque nesciunt reiciendis dolorem unde et. Voluptatem fugiat unde voluptas blanditiis architecto aut. Consequatur nobis ea beatae porro aut. Velit velit omnis nostrum quaerat.','2005-03-12 10:37:47'),(130,54,7,'Tenetur iste est dolor esse. Vitae id velit dignissimos soluta enim laborum. Ad impedit et quis voluptatem pariatur.','1996-10-08 10:20:45'),(131,36,84,'Facilis atque necessitatibus ut quaerat assumenda quidem. Et similique et a illo unde deserunt ducimus.','1989-01-26 09:32:33'),(132,47,66,'Placeat velit culpa at. Cumque recusandae illo quo natus eos. Quasi rem quia et est molestiae.','2018-08-28 09:59:28'),(133,66,25,'Voluptas non nobis minima omnis quia pariatur. Repudiandae id nihil omnis perspiciatis voluptatem debitis velit. Perferendis repellendus ab exercitationem et et sed.','1985-10-19 09:42:43'),(134,63,100,'Quam praesentium adipisci officia ea odio ipsam odit. Praesentium quidem eos dolor fugit odit explicabo. Consectetur vel ut corporis cum. Alias officiis nostrum maxime cum porro quasi aut reiciendis.','1984-03-16 05:30:45'),(135,55,20,'Soluta officia eum vel dolorem sit consectetur atque dolorem. Possimus pariatur aliquid ab consectetur eligendi. Non autem sunt nesciunt eveniet recusandae. Reprehenderit voluptatem suscipit ratione excepturi. Accusamus reiciendis ad quae aut fugit ipsam dicta.','2000-05-20 05:42:28'),(136,48,33,'Animi aperiam eveniet unde et ut dolorem sed. Recusandae nisi odio vel illum consectetur nisi est. Nobis repudiandae illo et corrupti ex distinctio. Reprehenderit enim eos voluptatem neque.','1972-04-18 08:27:14'),(137,57,15,'Fugit sint est et ullam et. Voluptatem error corporis distinctio. Ad et fuga nihil fugit ipsam velit. Velit soluta suscipit ut et alias. Consequatur impedit dolorem et cupiditate in veniam ea.','1992-05-03 12:41:48'),(138,81,65,'Porro assumenda cum impedit ducimus eius omnis. Ab ut et alias. Nobis sed rem necessitatibus nemo sint assumenda. Ab voluptatem ea odio est.','1986-03-07 16:16:01'),(139,47,94,'Iste sunt esse velit aut vel. Et ipsa id et quas qui itaque nemo. Eaque laudantium harum repellendus qui architecto sint. Quia expedita eum sed. Aut qui molestias dolorum nostrum excepturi commodi magnam.','1992-10-12 12:28:39'),(140,24,23,'Voluptatem doloremque dignissimos vitae. Molestiae aut nemo aut. Qui sint qui beatae occaecati ut omnis et.','2007-02-26 04:09:14'),(141,42,42,'Veritatis vel odio qui voluptatum facere placeat. Excepturi et in omnis quaerat. Illo earum molestiae et qui.','1984-07-01 20:24:03'),(142,19,93,'Et dicta sit pariatur. Impedit dolores molestiae voluptas. Est sunt repudiandae sed optio voluptas occaecati. Maxime exercitationem qui nesciunt expedita aut fugiat.','1995-07-06 06:16:28'),(143,9,58,'Fugiat consectetur tenetur excepturi nobis. Quaerat necessitatibus fugiat sed ducimus rerum.','2003-03-16 02:28:45'),(144,88,53,'Quas numquam omnis molestiae voluptatem quis ea non. Omnis et id ducimus dolore. Laudantium et aliquid sint odit sint odit ut deleniti. Nobis consequatur sed doloremque molestiae voluptas ipsam.','2019-05-08 03:51:15'),(145,15,47,'Quia est ut quis. Molestiae et architecto et pariatur in. Ducimus modi culpa quo libero quod nulla perferendis ullam.','2016-05-14 17:16:36'),(146,80,34,'Cum illum optio vero natus rerum. Eos expedita quia totam molestias totam aspernatur eaque. Optio sapiente et culpa nihil laudantium eos omnis. Blanditiis dolorum dolore accusantium non. Consequatur adipisci repellat aliquam natus.','1999-08-10 06:01:35'),(147,72,42,'Voluptatem amet at commodi saepe quam assumenda omnis. Voluptatem modi quidem earum non. Sit fugiat voluptatem non laudantium inventore ea. Eveniet explicabo quam perspiciatis quos in.','1989-12-14 23:42:34'),(148,48,95,'Adipisci ipsum est voluptates fuga quo. Ratione culpa molestiae rem et cum ea quibusdam. Et quos nihil quisquam quibusdam a recusandae aut veniam.','1996-09-09 14:29:41'),(149,8,11,'Vel quos aut ut unde velit. Delectus dignissimos ex tenetur nulla ut. Aut inventore dolores officia aspernatur consequatur eius eos. Sit et deserunt eos nobis.','1990-01-29 19:09:09'),(150,33,44,'Eos sapiente animi ratione tenetur. Repellat ipsam sequi ut et quidem autem est eaque. Ducimus incidunt ea possimus cupiditate. Ab voluptas est quibusdam architecto asperiores autem rerum natus.','2017-12-21 07:49:02'),(151,77,43,'Voluptas dicta ea iusto. Ipsa voluptas sit officia et. Et voluptates occaecati incidunt voluptas iste repudiandae. Saepe doloribus doloribus corrupti provident sapiente voluptate et.','2014-02-28 23:55:56'),(152,37,70,'Non repellendus quis nam rerum. Corrupti enim necessitatibus sed et.','1976-06-15 15:33:46'),(153,88,36,'Quia ipsa quos ratione eum qui. Magni blanditiis sequi ut voluptatem eveniet provident. Nulla hic ipsum repellendus corrupti explicabo iure sunt.','2016-06-04 12:21:51'),(154,89,88,'Consequuntur minus aut nihil fugit quae id et aspernatur. Vero qui possimus soluta quasi voluptates. Exercitationem dolores at incidunt quas unde corrupti similique. Provident aliquam rerum alias et laboriosam magni.','2015-08-28 14:33:20'),(155,38,67,'Amet nam provident fuga accusamus sed eum ex. Iusto ut repellendus autem provident. Odio tenetur consequatur ut. Nulla et porro praesentium error tempore.','1972-06-15 08:12:35'),(156,93,77,'Dolorem voluptatibus enim ullam nihil et alias id voluptatem. Quibusdam sit dolorem dolorem excepturi dicta neque autem aut. Aperiam dolorem consectetur ut dignissimos aut ut.','1985-02-27 17:22:00'),(157,31,56,'Sit rerum consequatur qui fuga magni cum. Nihil aperiam labore aperiam temporibus iusto. Laborum qui numquam repellat sunt delectus dolore. Est optio et nemo voluptatem.','2017-12-20 05:24:49'),(158,45,14,'Eaque dignissimos nemo aliquid enim sapiente. Minima placeat voluptatem aut quos dolor. Enim tempore dolor ut libero beatae asperiores. Veniam dolor magnam explicabo sint voluptates. Dolores sed est similique eos.','1998-09-24 23:33:24'),(159,95,99,'Et beatae sit blanditiis omnis. Quo eum qui inventore praesentium magni dolorem molestiae. Maxime quasi dolorem cumque repudiandae cupiditate quas earum.','2016-06-06 11:21:18'),(160,37,63,'Provident atque unde omnis nihil fuga est. Omnis sint labore soluta qui sequi. Omnis dolorem ipsum sit rerum nihil maiores voluptatem. Neque aut aut facere blanditiis labore.','1978-04-21 23:10:44'),(161,23,46,'Omnis beatae et quibusdam rerum. Quisquam omnis similique ex aut. Nostrum quibusdam iste consequatur id. Ratione mollitia nostrum et non dolorum.','1988-05-07 01:54:15'),(162,30,94,'Quia dolore rerum qui minus eveniet beatae assumenda. Impedit harum quia commodi officia. Minima totam voluptatibus iusto reiciendis.','2013-02-17 03:51:37'),(163,58,25,'Est nobis quam ut ipsum. Qui deserunt debitis et. Aut similique nostrum dolorem.','1982-06-19 10:34:23'),(164,29,51,'Iste quo fugit hic quo magnam sit. Ratione occaecati pariatur laudantium optio nam.','1994-10-17 20:15:30'),(165,39,96,'Enim reiciendis ut dolorum itaque iusto. Et commodi voluptatem numquam suscipit occaecati eius sapiente. Laboriosam et nam assumenda eos error dolorem ut.','2001-10-28 21:10:50'),(166,97,74,'Facere nesciunt dicta provident reiciendis a eos. Veniam tenetur fugiat velit corporis. Officia reprehenderit autem qui voluptatem non dolorem deserunt deleniti. Dolor expedita est qui ut voluptatem.','2018-09-04 15:58:21'),(167,41,23,'Sit eligendi explicabo veritatis dolore. Aliquam at dolorum officia voluptas. Dolore recusandae omnis voluptatem impedit pariatur consectetur repellendus.','2003-03-05 16:27:08'),(168,95,32,'Sequi mollitia porro dolorem rerum laboriosam temporibus et. Nisi est et molestiae dolorem laboriosam recusandae quis. Architecto ipsa architecto ab assumenda. Nihil distinctio dolorem libero sit.','1971-07-29 14:19:19'),(169,7,75,'Sit sunt deserunt quaerat deserunt eos debitis. Aut vel natus qui. Illo nisi repellat cumque. Dicta ut autem neque qui consequuntur molestiae distinctio.','1992-07-19 01:36:25'),(170,82,44,'Nostrum quod beatae tenetur rerum molestias accusamus dolorem. Eos voluptas officiis dolorem quis adipisci tenetur libero. Consequatur possimus et voluptatum omnis fugit ratione impedit.','2015-01-22 18:58:10'),(171,68,38,'Sint sapiente iusto natus sunt fugit. Non corrupti omnis ad. Quos accusantium veniam vitae ut ratione et rem repellendus. Ut enim dolorem ad id.','2019-05-08 11:47:50'),(172,67,67,'Rem quos quis eius est voluptate. Iste dolorum impedit animi assumenda fuga. Pariatur qui qui rerum eum culpa. Rerum quo maxime libero qui.','1975-11-08 20:57:09'),(173,24,75,'Esse temporibus esse sed fugiat. Neque dolor voluptate ipsum totam quibusdam. Odit error cumque aspernatur aut non et.','2011-09-23 00:05:00'),(174,6,31,'Suscipit asperiores sed animi neque. Enim fuga deserunt voluptas adipisci et dicta quo. Tenetur consequatur harum vel voluptatem nihil perspiciatis.','1984-07-09 11:09:17'),(175,62,92,'Aliquid placeat magni est voluptatem magni. Consequatur quae vero sed consectetur quo. Nihil fuga qui omnis voluptate et dignissimos.','1972-01-12 23:43:34'),(176,20,31,'Consequatur velit in assumenda magnam sunt sapiente nam. Omnis non consequatur nesciunt dolor. Omnis corporis et voluptas fugiat ut. Aut voluptas cumque maxime aut aut consectetur.','2012-11-26 21:12:08'),(177,58,62,'Consectetur asperiores corporis cumque sed veniam quo. Inventore qui aut numquam praesentium quo. Enim et in sapiente aut ex. Sed mollitia qui totam qui ut debitis. Molestiae et distinctio necessitatibus voluptatem cupiditate qui saepe.','2008-10-12 19:56:26'),(178,36,23,'Voluptatem tempora omnis ex qui et veniam qui ipsa. Voluptatem eligendi fugit autem eveniet. Id nisi reprehenderit vel eos numquam. Et autem fugit earum adipisci.','1992-10-23 04:01:54'),(179,81,89,'Voluptatem vel ullam in qui. At nobis dolorem autem fugit quas. Alias et iure excepturi ullam temporibus. Sit ducimus expedita est eligendi dolores laborum quia eligendi.','2001-05-08 06:03:04'),(180,91,24,'Quos soluta ea et voluptatem. Officiis laudantium minus vel et. Ut sit facere debitis ut similique. Totam commodi sed accusantium aut.','2009-08-04 05:53:05'),(181,28,83,'Placeat at vel voluptates porro tempore officia. Ut ut consequatur minima architecto eos. Qui dolorem odit ipsa occaecati soluta nulla.','1995-01-06 18:18:05'),(182,4,54,'Vel qui ab voluptatem qui sapiente ducimus nulla. In esse voluptas deserunt. Aut et et et nihil animi dolore in. Qui vitae cupiditate recusandae quasi et.','2014-01-04 17:49:55'),(183,47,94,'Asperiores sit quaerat exercitationem omnis ut ipsam. Ab aliquid est aliquid et quas praesentium sed maiores.','1998-10-12 22:26:05'),(184,72,26,'Consequuntur nemo cupiditate aperiam sit dicta harum consequatur. Eveniet doloribus voluptatem hic ut ipsum quibusdam. Autem cum harum cumque id animi deleniti.','1974-04-07 19:38:08'),(185,44,9,'Id expedita asperiores dolor itaque ut. Dolore et culpa id. Quis repudiandae sunt laborum quia praesentium optio.','1984-12-13 17:17:40'),(186,33,42,'Minima placeat est omnis quia quo. Molestiae quis nulla omnis suscipit esse natus reprehenderit. Id qui totam consequuntur eum.','1979-07-23 03:41:13'),(187,19,7,'Dolorum quam eius possimus ex. Labore eligendi exercitationem et facere ut. Asperiores officia quibusdam dolor praesentium.','1992-04-07 20:23:13'),(188,46,63,'Id sapiente reprehenderit enim quod ut quis consequatur. Adipisci facere doloribus vero. Nesciunt fugiat labore enim aut voluptate dolorem non laboriosam. Enim aut sint error tenetur qui est dolor voluptatem.','1995-07-20 00:03:32'),(189,9,62,'Dolor molestiae rerum deleniti harum ut. Magnam eos id error sapiente. Aspernatur est quas voluptas doloremque. Esse nam accusamus et quasi voluptas enim culpa.','2001-01-23 21:46:10'),(190,79,79,'Amet id asperiores et dignissimos quas harum magni. Cupiditate in sed neque voluptas excepturi expedita expedita. Veniam eligendi maxime adipisci quas. Minima unde incidunt et animi.','1988-10-28 00:10:01'),(191,91,11,'Non a saepe porro consequatur. Porro aut et ut molestiae eveniet inventore cum ullam. Sunt ut aut vel sit inventore. Similique voluptates incidunt pariatur labore sequi aut enim.','1983-08-24 18:27:45'),(192,3,5,'Minus rerum dolor veritatis vero et iure aliquid. Illo cupiditate sunt et id cupiditate. Quia natus consequuntur quaerat odit quos optio quis. Nobis et et repellendus enim dolores.','2016-09-24 15:30:54'),(193,35,98,'Magni aliquid non consequatur dignissimos ullam doloremque ipsa ut. Sint reiciendis sunt delectus velit fugit. Blanditiis commodi possimus consectetur aut quis quisquam dolorem.','1996-11-16 18:51:30'),(194,23,50,'Atque necessitatibus dolorem qui omnis aut a ut sit. Perspiciatis recusandae vitae explicabo ex. Optio aut qui ipsam vero vel.','1970-03-05 08:08:42'),(195,29,64,'Ab dolorem iusto non aspernatur expedita asperiores qui. Enim velit iste voluptatum similique sunt iure sed. Repudiandae consequuntur numquam est ipsa eum. Ut aspernatur sit consequatur impedit fugit mollitia.','2012-07-06 02:51:06'),(196,16,28,'Eum neque consequatur tenetur nemo. Et nulla aut rerum earum non vero voluptas. Magni at eum aspernatur dolores placeat dolorem veritatis. Tenetur qui alias perspiciatis rerum harum saepe.','2008-10-07 18:47:16'),(197,49,78,'Voluptas vitae ipsum eum perferendis consequuntur. Vitae animi soluta aspernatur quibusdam expedita odit. Corporis non recusandae vero architecto et eligendi. Enim aspernatur facilis minima nesciunt reprehenderit doloremque in officia.','1977-05-08 18:08:04'),(198,52,10,'Unde itaque molestias nostrum fuga beatae consequatur. Dolor et in harum est consequatur. Et unde rerum in non. At aut quos doloribus nihil et et.','1990-11-19 04:47:16'),(199,14,99,'Quam maxime sapiente et et est non. Voluptatem distinctio cumque nam. Ullam omnis tempore qui tempora vero assumenda assumenda.','2003-09-15 05:34:11'),(200,23,90,'Ut debitis harum quisquam ullam ut officia. Quis in aut saepe placeat quam dolor. Et magni aut facere facilis. In laudantium nihil fuga sunt aut.','1991-05-19 12:15:54'),(201,57,30,'Et rem consequuntur fuga ut maiores. Nihil velit natus et corporis vel molestias. Dolorum ea rem quidem aut omnis in fugiat. Dolor repudiandae non beatae asperiores sit.','1979-11-01 14:02:38'),(202,5,28,'Sit voluptatem ipsa ratione perferendis. Velit nisi quia tempora placeat illo quidem. Autem dicta facilis nihil voluptates quaerat magnam culpa.','2004-01-29 21:10:02'),(203,69,69,'Nam laboriosam ut quibusdam quisquam a ut. Dicta aut quia cupiditate officia accusamus quia. Incidunt eum corrupti rem est ipsa rem magnam nam.','1993-05-02 17:26:05'),(204,4,50,'Quae est consectetur et consequatur. In ad quo consequatur cumque. Sit consequatur fugiat porro fuga sequi inventore.','1986-04-04 21:51:34'),(205,87,74,'Quia qui nihil eos ipsam est. Temporibus est est et eum saepe. Non dolores quia dignissimos eius et repellendus rerum.','1975-07-05 01:51:10'),(206,41,61,'Reiciendis quis perferendis sit consectetur. Libero nihil reprehenderit et adipisci. Temporibus minus in sit tenetur quia molestias excepturi.','1999-05-08 22:22:09'),(207,90,77,'Nobis ipsa quisquam aut autem sit a occaecati. Velit ullam et quas animi.','1988-07-18 02:29:15'),(208,3,52,'Commodi maxime eveniet autem iusto reiciendis iusto. Nulla iste nostrum nemo corrupti.','2002-05-22 22:26:10'),(209,47,24,'Odio expedita nobis voluptate commodi quia. Dolores quam voluptatibus quo animi modi qui. Ut nulla et est quidem natus voluptas.','1978-08-28 07:28:18'),(210,34,43,'Quis ad voluptas vitae voluptas quia dolores. Consectetur aut odio reiciendis necessitatibus esse voluptates quae. Perspiciatis iste veniam illo omnis dignissimos sint.','1986-10-25 14:10:24'),(211,51,7,'Quia omnis et quam quidem quidem blanditiis. Quo soluta ad ut architecto accusantium minima. Voluptatem iusto enim adipisci modi.','1981-03-07 01:03:56'),(212,79,27,'Ipsa cumque itaque aliquid voluptatem quaerat nihil pariatur. Repellendus qui voluptates facilis officia.','2003-07-19 03:35:58'),(213,93,31,'Enim aut at est nulla rerum dolores quos. Eius id quia consectetur accusamus mollitia. Quam exercitationem qui repudiandae nesciunt. Ipsam officiis sed at explicabo.','1978-01-25 06:58:45'),(214,26,79,'Rem voluptatem corporis nostrum praesentium porro qui. Ea in illo ratione repudiandae. At eum velit dolorem a illo ratione. Sed et aut non ipsa debitis sunt.','1971-07-15 06:23:18'),(215,82,50,'Ratione pariatur eum quae. In consequuntur omnis ducimus autem et repellat. Provident culpa at et cumque qui blanditiis culpa quia. Beatae at impedit repellat debitis facere placeat.','1976-09-25 17:26:05'),(216,94,37,'Commodi omnis nemo quae sed et facere. Velit mollitia in voluptas vel vero dicta. Dicta assumenda vitae earum porro nulla eos molestiae. Non excepturi enim ut architecto et qui. Dolores culpa omnis nostrum et dolorum.','1997-03-05 16:25:35'),(217,24,93,'Sint ipsam autem blanditiis quia in voluptas. Et et debitis officia consequatur quibusdam deserunt ducimus. Expedita quibusdam laudantium ipsa nobis qui dolores consequatur.','2006-10-16 18:22:45'),(218,43,19,'Soluta laboriosam voluptas doloribus dolorum molestiae non nisi. Minima dolore assumenda omnis magni error. Amet iure adipisci sunt sapiente in tempora quis. Autem animi pariatur molestiae eius qui unde alias. Odit neque qui eum rerum saepe.','1974-11-13 03:19:02'),(219,36,83,'Labore explicabo quas consequatur qui rerum suscipit at voluptatem. Dolorem qui est vero cumque fuga sed incidunt. In omnis quasi culpa labore quo iure deleniti dolores. Doloremque rerum officiis ipsum illo.','2013-02-06 21:58:30'),(220,73,46,'Non perspiciatis consectetur dolore maxime commodi. Voluptatibus provident illum optio sed eum. Ipsam aut et expedita. Dolor et corrupti suscipit nulla molestiae et.','1984-12-01 08:54:23'),(221,83,61,'Sit nihil consequatur sunt consequatur sed eaque. Illum quisquam rerum molestias. Quibusdam vel ut provident ut incidunt fugiat repellendus fugit.','1976-12-08 11:25:27'),(222,30,62,'Ea at reprehenderit accusamus. Quis dolore consequuntur eius quidem maiores voluptas corporis. Ipsam ea earum ea explicabo omnis.','1971-02-04 06:42:20'),(223,56,40,'Saepe nemo delectus debitis quis. Voluptatem vel dolore illum nam ratione. Optio distinctio itaque quam et vel quod rerum.','1996-04-09 13:32:45'),(224,38,51,'Voluptatum fugiat minus eius. Nihil corporis mollitia rem debitis ullam autem explicabo. Occaecati cum quia minima dicta hic voluptas saepe. Doloribus debitis quas esse aut unde alias in et.','1997-01-15 01:36:58'),(225,7,64,'Qui vel est voluptatem accusantium. Rerum et accusantium quasi. Illo iure eos eos tenetur et dignissimos enim. Eos alias eveniet eveniet odit explicabo omnis. Error nobis magni vero doloremque.','1979-11-17 21:00:59'),(226,29,80,'Ut saepe qui placeat repellendus qui officiis. Fugiat cupiditate est eos tempore. Assumenda aspernatur sequi et in laborum velit reprehenderit. Dolorum quaerat et aperiam rerum qui.','2005-10-22 22:55:18'),(227,35,37,'Quidem voluptatem enim porro. Voluptatum aperiam mollitia ea est quia explicabo. Impedit architecto voluptatem quas repellendus non asperiores rerum. Alias nesciunt veritatis autem ipsum ut.','1975-07-22 14:26:35'),(228,3,6,'Reprehenderit soluta aut cumque impedit. Qui quia laudantium dolor in. Et cumque optio nobis dignissimos.','1975-07-22 00:41:25'),(229,16,54,'Sunt corporis occaecati nisi temporibus earum eos. Explicabo rerum suscipit ut dolores autem non in. Omnis consequuntur sit officia vel libero. Omnis qui sint nulla assumenda quaerat quia magni.','2002-12-31 20:24:36'),(230,50,79,'Consequatur tempore veniam voluptate qui et incidunt aliquid rerum. Ducimus odio animi repellat ad nesciunt. Dolorem assumenda esse in eligendi non officia sint. Laboriosam ut praesentium molestiae quia.','1973-08-17 14:33:13'),(231,45,60,'Autem eum itaque sunt ut itaque ratione quas. Totam eius possimus nesciunt quia. Velit assumenda perspiciatis eius eligendi.','1973-08-24 12:16:25'),(232,59,39,'Est dolorum ea possimus eligendi incidunt voluptatum placeat et. Praesentium animi facere qui mollitia debitis ea. Dolorem sed quos perferendis minus.','1990-01-23 17:47:00'),(233,30,86,'Soluta nesciunt aut vitae hic delectus quasi deleniti quia. Nihil reprehenderit ut sint deleniti suscipit doloremque ex. Dolores eum in facere accusantium odio consequatur magni. Vitae quaerat perferendis sapiente aliquam aut.','2009-10-10 05:24:48'),(234,16,57,'Laboriosam ut nobis porro ea fuga reprehenderit et. A magnam et enim labore necessitatibus voluptatem. In quaerat tenetur explicabo in aut iusto dicta.','1985-08-19 22:35:14'),(235,97,99,'Nostrum praesentium officiis dignissimos molestiae. Saepe nostrum dolor ipsum consequuntur perspiciatis pariatur. Impedit totam et illo voluptas inventore. Cumque illum quos magnam autem. Aliquid omnis odit harum similique illum.','2018-01-10 14:26:12'),(236,71,76,'Totam aut ducimus veniam cupiditate soluta et cumque. Repellendus quibusdam est nesciunt perspiciatis iure fugit quis. Cum placeat facilis soluta.','1978-10-23 19:08:30'),(237,69,3,'Et eius facere aut. Esse soluta qui nesciunt omnis sunt. Fugiat neque consectetur voluptatem et est vitae. Nulla nostrum porro accusamus.','2014-06-26 00:05:24'),(238,25,14,'Et sed perferendis qui nisi quia. Enim nihil labore eos ab. Nam harum fugit quae quidem molestiae beatae nihil.','1985-11-29 19:04:35'),(239,63,71,'Sunt fugit adipisci ut vel provident est. Incidunt ipsa labore rerum quibusdam quis voluptatem et. Architecto tempore eum perspiciatis fuga sequi earum aspernatur accusantium.','2006-05-29 16:33:23'),(240,29,87,'Aut molestias sequi labore qui voluptatum. Repellat aut atque aliquam quae ratione qui. Quisquam fuga voluptatem veritatis neque. Ut fugit facilis magni corporis.','2017-01-07 07:04:12'),(241,59,45,'Repellat facilis et quam recusandae. Omnis et dicta nobis alias labore eius excepturi. Quaerat sit molestias fugiat alias et quo eum error.','1990-12-05 03:26:19'),(242,52,72,'Nulla minima similique expedita nemo voluptas excepturi et. Libero minima et aut commodi fugiat quam dignissimos facere. Voluptas aliquid ut quam fugit. Eos illum officiis aut asperiores qui. Vel ea omnis et tenetur similique.','2001-06-12 07:29:45'),(243,59,10,'Quia nulla architecto recusandae reprehenderit voluptatem. Facere enim neque nihil corrupti odio perspiciatis nulla animi. Delectus reiciendis amet impedit aperiam consequatur autem et. Deleniti occaecati aliquam dicta illo. Velit autem iure et corporis impedit.','1970-02-25 05:26:32'),(244,84,12,'At et iste minima ipsa. Explicabo asperiores eaque nihil nam. Consequatur voluptatibus odit voluptas omnis exercitationem explicabo.','2012-06-28 14:16:33'),(245,88,28,'Qui unde incidunt perferendis iusto voluptatem quia quisquam id. Eum consequatur molestiae dicta laudantium debitis odio. Qui accusamus eius et rerum impedit aut sed nam.','2017-08-23 10:34:14'),(246,1,66,'Provident omnis odit pariatur deleniti voluptatem distinctio magni nam. Aut rerum sequi aliquam dolor dolorum rem iure. Culpa perferendis reiciendis quam ut nulla. Officia et sed distinctio hic quidem sunt est.','2008-12-10 14:43:42'),(247,49,82,'Aut quia cum alias hic. Eos quasi ratione doloremque aut in cumque et ipsa. Illo dolores magnam commodi occaecati expedita. Atque hic magnam quia accusantium.','1980-04-27 22:29:26'),(248,1,88,'Reiciendis iure sequi earum sint et molestiae. Qui quia ut itaque. Ab dolor et enim distinctio nobis.','1971-07-24 11:05:49'),(249,57,71,'Et iste sit quod aut sunt ut voluptas. Ut delectus vero consequatur minima fugit laudantium. Quidem et reprehenderit itaque assumenda dignissimos consequatur adipisci.','2008-04-23 07:30:14'),(250,19,93,'Quo dolores eveniet nihil officiis et facere dolores qui. Quibusdam rem voluptas nihil neque aliquam alias. Quia aliquid corporis recusandae quia consequatur vitae. Qui voluptatibus voluptas aut aut.','2018-09-11 20:51:58'),(251,60,88,'Rem veritatis corporis sit. Quis laboriosam voluptatum expedita magni illum dolor qui. Provident soluta dolores et. Et dolores voluptatem nobis et perspiciatis voluptatibus. Sed est ut enim dolor beatae magnam.','2017-03-13 22:12:07'),(252,33,57,'Quod debitis nam laboriosam ullam quidem quia. Quia rerum sed delectus nemo earum. Reprehenderit consequuntur non quae doloremque ipsum corporis.','1976-05-15 04:08:48'),(253,14,54,'Tempora assumenda laboriosam debitis officiis. Possimus nihil eveniet ullam tenetur. Voluptatibus eum qui ut delectus. Autem doloribus natus unde eveniet reiciendis.','1991-12-12 16:25:55'),(254,20,9,'Perferendis optio ut qui vitae repellendus et eaque. Est quibusdam architecto sit voluptatem ut a aut. Libero commodi delectus vitae quae occaecati mollitia. Et et excepturi qui quos.','1985-05-20 01:18:49'),(255,35,98,'Assumenda et nulla maxime nam. Et in quia blanditiis non maxime. Aut dolorum autem eum qui autem unde. Quisquam iusto fuga illo earum.','2017-04-01 07:15:23'),(256,85,96,'Est corrupti ratione praesentium tempore velit impedit. Quisquam natus accusamus magni. Sint vitae deserunt eius occaecati.','2006-11-20 10:44:34'),(257,24,55,'Aut impedit sunt itaque expedita voluptatibus alias ab. Velit quis inventore quia nihil sit. Corporis odio ipsam repellendus possimus sit.','1981-11-23 20:41:41'),(258,94,53,'Accusamus quaerat ea expedita dolorem. In voluptatem voluptatem laborum rerum in dolore. Occaecati sit illum id non enim dolores molestias quidem.','1991-04-21 07:00:53'),(259,54,3,'Similique voluptatem est ea quasi ut et. Quidem autem dolores et excepturi. Non quasi et possimus repellendus. Autem ratione exercitationem ut labore.','2004-02-03 12:43:06'),(260,38,3,'Vel incidunt officiis cumque expedita libero. Odit ad labore eveniet at et commodi inventore. Sequi nihil occaecati aut et nihil.','1972-05-05 16:06:36'),(261,21,21,'Sint cupiditate consequatur ullam magni eos id animi. Repellat quia nihil distinctio atque voluptatem voluptas cupiditate inventore. Et libero qui sit quis a.','2011-03-12 15:22:57'),(262,46,65,'Sit hic esse rem ad harum iusto cumque dolores. Accusantium autem maxime sapiente a. Et laboriosam aut veniam culpa expedita. Temporibus omnis autem perferendis ut.','1979-07-20 05:44:55'),(263,5,91,'Voluptatem molestias et tempora ab aliquam. Aut excepturi velit tempore. Ut velit ullam asperiores soluta quod voluptas.','1991-02-10 07:15:55'),(264,53,7,'Ipsum laudantium voluptatibus dolorem soluta voluptatum. Accusamus distinctio et qui vel.','2012-11-18 16:41:21'),(265,37,26,'Rem et suscipit ipsam. Sint voluptate optio quia hic officiis et ut.','2004-05-13 23:39:25'),(266,14,68,'Id animi voluptates saepe fugit accusamus. Minima laboriosam exercitationem maiores eaque. Nihil sint commodi soluta non id. Vel est et id eaque.','1999-03-10 18:05:25'),(267,56,50,'Et odit officiis fugit cum. Voluptatem nisi dolore explicabo nam velit id voluptatum. Doloribus deserunt repudiandae aut sapiente dolorem rerum nam. Reprehenderit maiores sequi itaque molestiae et autem. Eum deserunt sed aut voluptatem ea iste consectetur quis.','1985-04-30 11:59:28'),(268,49,31,'Odio impedit omnis recusandae eligendi. Officiis error blanditiis iure quo.','2013-12-13 08:41:21'),(269,33,38,'Tenetur quas iste in. Iure a ut qui ad. Et reprehenderit ratione et qui est omnis molestias.','2017-11-05 11:39:01'),(270,18,78,'Ut quisquam ut fugit natus sequi dolorem quia vel. Quos voluptatem minima ut quidem maiores quia.','1974-10-31 11:46:13'),(271,61,60,'Sed optio ducimus corrupti vel facilis quod est. Est nobis doloribus dolorem sequi laudantium laboriosam. Autem ipsum voluptas vel.','2001-09-12 17:34:15'),(272,93,94,'Vel ex laborum facere voluptatum et. Quae facere incidunt voluptatem sunt consequatur. In iusto voluptatum eligendi qui quam.','2018-07-21 07:05:57'),(273,86,59,'Eligendi possimus esse quisquam dolorem qui fugit quis. Natus nemo numquam voluptatem est. Quis quam libero quod minima dolor consequatur dolores. Cum sit amet expedita eos illo.','1980-08-09 20:24:16'),(274,28,67,'Natus odio velit molestias porro natus atque minima. Qui sint temporibus velit corporis. Veritatis sit dolor reprehenderit qui. Et placeat neque et magni aut.','1993-11-16 12:37:58'),(275,36,94,'Quis debitis a molestiae ipsum animi exercitationem eius. Tempore aut in non eum quasi enim rerum. Rem voluptatem et id est omnis id. Dignissimos laboriosam reprehenderit provident ut aut.','1975-04-27 00:18:03'),(276,57,90,'Incidunt quidem cumque animi laboriosam facilis error sed. Dolor qui sit expedita accusantium dolore. Cupiditate ad pariatur eos totam quis fuga eum.','2006-11-01 11:32:27'),(277,90,32,'Necessitatibus optio a enim quos. Ipsum qui quasi molestiae voluptatem cum quisquam. Porro sint dicta illum voluptas voluptas. Nihil architecto voluptatem minus. Ducimus dolores consequatur doloremque fuga qui.','1971-09-08 09:34:27'),(278,21,58,'Deserunt repudiandae ut ut eaque ad enim et. Tempora unde cumque rerum qui eos cum sapiente quisquam. Nemo et sed sit quo voluptas et iure nobis. Blanditiis provident nihil modi ut similique voluptates tempora eum.','2006-11-11 11:26:39'),(279,18,55,'Nihil repellat est sunt voluptates aliquid provident voluptates. Autem quasi architecto atque nobis facilis id. Maxime atque consequuntur et quo architecto deleniti dolor.','1994-12-06 03:35:30'),(280,45,10,'A eum consequatur voluptatem. Voluptates sed alias molestiae soluta sed aliquam omnis. Nesciunt ut minus fugit rerum voluptatibus. Ut ut blanditiis distinctio dolores aut provident et.','1990-02-26 12:32:41'),(281,39,11,'Tempore omnis consequatur qui quidem a aliquid vel. Et voluptates ad placeat corporis et ipsa veniam. Omnis saepe amet possimus aperiam et dolorem incidunt. Ullam molestiae id alias natus consectetur debitis. Molestias necessitatibus aut sit unde.','2000-12-21 08:51:49'),(282,61,19,'Et et suscipit totam dolor aut repellendus cupiditate sunt. Eos occaecati voluptatem illum aut quo et aut. Sequi quaerat reprehenderit et sequi minima. Iusto ducimus ut amet aut.','1992-05-09 20:27:07'),(283,90,58,'Est rerum quidem fuga aut. Esse voluptatibus aliquid iste quaerat possimus vero est. Sed deserunt eius dicta veritatis minus sit.','2009-04-14 13:43:16'),(284,15,67,'Minima aliquid voluptatem quia expedita esse quia sint. Ipsam officia itaque possimus error ut nam. Dolorem voluptas aut possimus recusandae.','1987-09-02 09:52:53'),(285,52,70,'Quod et incidunt animi qui velit perferendis. Ea architecto cupiditate provident sint quia reprehenderit.','1981-10-04 06:01:36'),(286,93,9,'Distinctio aut vel iste non. Et sed et deserunt ut perspiciatis. Ut consequatur nisi debitis eum libero quo architecto. Qui vero quaerat quo commodi veniam saepe.','2000-01-12 20:13:26'),(287,59,30,'Ex eos iusto sunt pariatur aut quo cumque laudantium. Natus et qui facilis. Quaerat harum dignissimos explicabo distinctio libero consequatur expedita. Velit est impedit iste laudantium quam et nihil.','2014-02-04 11:40:46'),(288,76,56,'Ut nam necessitatibus laborum ad maiores. Blanditiis quis sed eaque nam repellendus. Qui fugiat earum itaque aut culpa. Quidem et quam dicta veniam tenetur aliquid autem.','1976-03-24 18:45:40'),(289,54,19,'Consequatur qui ut eos voluptatem esse. Nemo in qui commodi ex. Commodi minus exercitationem et recusandae.','2002-07-04 07:17:29'),(290,3,63,'Ut quia et quo omnis rem dolores nisi et. Error non distinctio ipsa eius quas excepturi. Eveniet rem beatae suscipit voluptatum. Non similique et cumque eaque commodi quibusdam asperiores.','1992-03-03 05:38:26'),(291,59,71,'Quidem quo facere quae magni quis quia. Voluptatem dolor mollitia dolorem beatae aut facere sit dicta. Ut est rerum corporis architecto rerum quis et. Consequuntur molestiae harum totam nostrum non.','1999-06-04 04:24:21'),(292,24,92,'Quibusdam vitae et veritatis culpa possimus reiciendis consequatur. Quis odit delectus sed consequatur. Qui suscipit excepturi illum ut. Molestias tempora rerum assumenda rem omnis voluptate autem animi.','2017-12-14 22:24:11'),(293,74,87,'Eligendi ut quia voluptatum blanditiis amet. Blanditiis saepe saepe quam aut voluptas dicta dolorem. Sit qui illo aut commodi sit.','1978-02-16 11:15:46'),(294,95,95,'Quas repellat non est ratione harum. Reiciendis molestiae aut sunt ut. Adipisci unde et similique quibusdam.','2005-07-16 12:02:13'),(295,33,69,'Adipisci ex voluptatibus dolores officia est nihil. Quas cumque at delectus sapiente earum ducimus. Architecto eius officia aut placeat et earum porro.','1997-06-02 23:50:11'),(296,23,57,'Dignissimos voluptates quia quos exercitationem. Quis id commodi aut sunt voluptas. Sint nemo omnis nulla in. Rerum ut nemo quisquam sed similique voluptas.','2000-11-21 13:58:16'),(297,40,98,'Quis labore error officia exercitationem ad nemo. Ipsam distinctio sapiente eos voluptates ut cum sunt. Quaerat a dolore dolorem eveniet nostrum velit in. Quo eos aut dolor id iste aut.','1978-05-04 22:53:47'),(298,20,87,'Omnis atque modi necessitatibus nihil. Sunt et repellat magni voluptatum. Repudiandae rerum sunt blanditiis eos sed. Eligendi cumque praesentium nisi et praesentium maiores dolorem.','1997-02-18 14:46:31'),(299,37,78,'Exercitationem modi occaecati doloremque libero voluptatum qui. Deserunt temporibus molestiae voluptatum neque minus magni. Quia reiciendis consectetur in ea modi esse.','2015-03-08 15:35:42'),(300,82,20,'Reprehenderit eum et nostrum consectetur est. Quisquam doloremque qui a cum. Fugit vel dolores non ex magnam omnis et. Et rerum nihil quia quo eum sed dolorum non.','2003-10-04 07:32:01');
/*!40000 ALTER TABLE `comments` ENABLE KEYS */;
UNLOCK TABLES;

--
-- Table structure for table `film_actors`
--

DROP TABLE IF EXISTS `film_actors`;
/*!40101 SET @saved_cs_client     = @@character_set_client */;
/*!50503 SET character_set_client = utf8mb4 */;
CREATE TABLE `film_actors` (
  `film_id` bigint(20) unsigned NOT NULL,
  `actor_id` bigint(20) unsigned NOT NULL,
  PRIMARY KEY (`film_id`,`actor_id`),
  KEY `actor_id` (`actor_id`),
  CONSTRAINT `film_actors_ibfk_1` FOREIGN KEY (`film_id`) REFERENCES `films` (`id`),
  CONSTRAINT `film_actors_ibfk_2` FOREIGN KEY (`actor_id`) REFERENCES `actors` (`id`)
) ENGINE=InnoDB DEFAULT CHARSET=utf8 COLLATE=utf8_unicode_ci;
/*!40101 SET character_set_client = @saved_cs_client */;

--
-- Dumping data for table `film_actors`
--

LOCK TABLES `film_actors` WRITE;
/*!40000 ALTER TABLE `film_actors` DISABLE KEYS */;
INSERT INTO `film_actors` VALUES (1,1),(2,2),(3,3),(4,4),(5,5),(6,6),(7,7),(8,8),(9,9),(10,10),(11,11),(12,12),(13,13),(14,14),(15,15),(16,16),(17,17),(18,18),(19,19),(20,20),(21,21),(22,22),(23,23),(24,24),(25,25),(26,26),(27,27),(28,28),(29,29),(30,30),(31,31),(32,32),(33,33),(34,34),(35,35),(36,36),(37,37),(38,38),(39,39),(40,40),(41,41),(42,42),(43,43),(44,44),(45,45),(46,46),(47,47),(48,48),(49,49),(50,50),(51,51),(52,52),(53,53),(54,54),(55,55),(56,56),(57,57),(58,58),(59,59),(60,60),(61,61),(62,62),(63,63),(64,64),(65,65),(66,66),(67,67),(68,68),(69,69),(70,70),(71,71),(72,72),(73,73),(74,74),(75,75),(76,76),(77,77),(78,78),(79,79),(80,80),(81,81),(82,82),(83,83),(84,84),(85,85),(86,86),(87,87),(88,88),(89,89),(90,90),(91,91),(92,92),(93,93),(94,94),(95,95),(96,96),(97,97),(98,98),(99,99),(100,100);
/*!40000 ALTER TABLE `film_actors` ENABLE KEYS */;
UNLOCK TABLES;

--
-- Table structure for table `film_details`
--

DROP TABLE IF EXISTS `film_details`;
/*!40101 SET @saved_cs_client     = @@character_set_client */;
/*!50503 SET character_set_client = utf8mb4 */;
CREATE TABLE `film_details` (
  `film_id` bigint(20) unsigned NOT NULL AUTO_INCREMENT,
  `poster_id` bigint(20) unsigned DEFAULT NULL,
  `country` varchar(100) CHARACTER SET utf8 COLLATE utf8_unicode_ci DEFAULT NULL,
  `budget` int(11) DEFAULT NULL,
  `fees` int(11) DEFAULT NULL,
  `description` text CHARACTER SET utf8 COLLATE utf8_unicode_ci,
  PRIMARY KEY (`film_id`),
  UNIQUE KEY `film_id` (`film_id`),
  CONSTRAINT `film_details_ibfk_1` FOREIGN KEY (`film_id`) REFERENCES `films` (`id`)
) ENGINE=InnoDB AUTO_INCREMENT=101 DEFAULT CHARSET=utf8 COLLATE=utf8_unicode_ci;
/*!40101 SET character_set_client = @saved_cs_client */;

--
-- Dumping data for table `film_details`
--

LOCK TABLES `film_details` WRITE;
/*!40000 ALTER TABLE `film_details` DISABLE KEYS */;
INSERT INTO `film_details` VALUES (1,5,'Bhutan',3296,19759,'Minus non non magnam unde. Reiciendis sit optio necessitatibus. Placeat cum et nisi placeat suscipit aut.'),(2,9,'Honduras',5913,15647,'Neque eaque dolorum alias. Porro fugiat quis assumenda quia vel sequi. Temporibus et assumenda aspernatur quis alias.'),(3,4,'Tonga',25245,15515,'Voluptatem facere voluptatem non illo natus maxime. Eum blanditiis ab modi voluptatem autem. Aspernatur cupiditate nihil corrupti dolores. Facilis doloremque a quibusdam maiores eum quisquam amet.'),(4,5,'Central African Republic',19851,18174,'Eos ut illum voluptatum qui omnis nulla sunt. Ex voluptatum et sed consequatur occaecati. In eaque nihil culpa. Ut neque nesciunt porro est est.'),(5,5,'Pitcairn Islands',17655,24094,'Sit delectus voluptate libero nesciunt non. In aliquid deserunt accusantium. Error voluptatum dolorum labore enim.'),(6,7,'Czech Republic',27413,4373,'Cum sed ea non distinctio. Ducimus et temporibus dolores veritatis voluptatum eius. Nesciunt saepe ut perspiciatis omnis minima. Et id sit fuga in.'),(7,2,'Equatorial Guinea',19061,14040,'Et iusto error corporis sunt. Quo quia amet nihil ex quas. Necessitatibus voluptatibus ut laudantium laboriosam modi at non.'),(8,6,'Denmark',2759,20196,'Corrupti blanditiis vel modi sapiente officia earum. Et quos dolorum temporibus minima. Sapiente cum quidem at est.'),(9,3,'Guatemala',23369,10336,'Rem odit expedita suscipit fuga labore. Enim officiis velit aliquam amet.'),(10,6,'Marshall Islands',15258,21047,'Laborum qui inventore natus odio dicta. Alias unde ut dolorem sit saepe excepturi quia. Voluptas et atque autem quia delectus.'),(11,6,'Vanuatu',26799,7245,'Quas sint facilis ad beatae ipsam. Unde ab sed et ipsam quae ab.\nAb cupiditate quis laboriosam eum magnam. Id eum hic pariatur architecto et et. Quia omnis soluta illo voluptatum et est quis.'),(12,8,'Georgia',11021,18329,'Est sunt ut earum quos amet et fugit. Aliquam consequatur rem perspiciatis at. Mollitia ut et qui nulla cupiditate. Quis aut nesciunt officia.'),(13,3,'Hungary',7846,28736,'Et debitis ipsum corporis ut voluptas officiis. Explicabo error sit aut. Occaecati et excepturi laudantium nostrum sit odio. Perferendis eius laboriosam temporibus et mollitia aut.'),(14,9,'Sierra Leone',27675,4802,'Est et fugit commodi veritatis. Sit tempora delectus est est. Earum quo nulla necessitatibus at commodi est perspiciatis vel. Perspiciatis officia vitae sint id aut.'),(15,3,'United Kingdom',11890,24718,'Fugit corporis ut fuga dolores sapiente sed. Illum et error sed deserunt vel et. Quisquam harum ducimus aliquam repudiandae. Autem hic explicabo ratione ex saepe eos quia.'),(16,2,'Peru',20096,26717,'Tenetur provident enim sunt dolorem temporibus quo. Eos dignissimos ea aut aspernatur sit aspernatur temporibus. Tenetur provident explicabo porro fuga. Laboriosam eum nobis et corporis aliquam.'),(17,9,'Marshall Islands',23362,16985,'Corrupti ipsa provident laborum et omnis est. Nulla quidem temporibus iusto at. Quia et adipisci veniam qui veritatis ut ipsam. Vel voluptatum consequatur quo nemo et ad.'),(18,4,'Palestinian Territory',10914,1040,'Accusamus sapiente sed aliquid. Consequuntur quaerat dolores voluptatem molestiae possimus tenetur qui. Qui voluptatem voluptatem a cum molestiae magni.'),(19,4,'New Zealand',11628,20629,'Voluptas dolor ex accusamus sequi dolorem dolorem voluptatem. Maiores et dolorem eos aspernatur. Rerum veritatis minus ipsam aliquam neque. Rem ut suscipit sunt magnam.'),(20,7,'Gabon',12530,2579,'Neque labore nulla quis tempora ipsa consequatur ut illum. Qui dolores nisi eum totam quaerat totam. Et sunt magnam eum ex iusto ipsum sed et. Quo optio deleniti aut.'),(21,6,'Dominica',3825,10288,'Enim quo quos et magni nihil labore omnis. Natus quibusdam placeat ullam architecto voluptatem. Amet sint fugiat modi et sint accusantium at. Non qui ad numquam omnis non et rerum.'),(22,5,'Italy',23364,12797,'Qui numquam sed quae. Voluptatem nulla debitis soluta beatae sint non. Officia eius est est non nobis occaecati.'),(23,6,'Hong Kong',5138,25951,'Recusandae eos ipsam qui non eos numquam illum harum. Voluptatum nihil laboriosam facere praesentium dolores. Iure veritatis voluptatibus porro dolores reprehenderit et asperiores.'),(24,6,'Syrian Arab Republic',23830,25069,'Laborum praesentium possimus voluptas aut. Adipisci nisi soluta id aut sed. Quae repudiandae aliquam et consequuntur.'),(25,3,'Fiji',14125,7305,'Molestias eum optio cum aspernatur aperiam. Excepturi molestiae repudiandae quas omnis delectus consectetur impedit. Debitis cupiditate molestiae officia quas illo alias.'),(26,6,'Myanmar',3532,8324,'Nisi est vel illo iste deleniti aut. Officia quo reprehenderit et quibusdam incidunt mollitia. Ea dolor voluptas sed alias. Qui beatae reprehenderit et odio ab.'),(27,5,'Trinidad and Tobago',12999,7296,'Est ipsa quo ad suscipit hic nam. Amet nam exercitationem corrupti nulla maxime facere animi reiciendis. Est alias temporibus beatae magnam labore in.'),(28,7,'Cyprus',15889,6805,'Asperiores accusamus eius autem magni sunt. Praesentium animi repellendus excepturi unde. Et ducimus commodi ex deserunt ut rerum eos.'),(29,3,'Norfolk Island',20583,28245,'Autem voluptas dolorem vitae voluptas doloremque labore officiis autem. Ut quidem qui dolorum id aut saepe autem. Rem numquam blanditiis aut ut aut similique.'),(30,2,'Oman',27634,19915,'Tempore error et dolores sequi. At iusto ullam nulla omnis sit fugiat autem. Quo delectus nisi odio nemo quas. In et et quia deleniti beatae. Vel minima est harum quod architecto beatae ab.'),(31,4,'Sweden',16363,5755,'Dolorum voluptatem amet ullam ea nam. Modi unde a earum quia.'),(32,2,'Montserrat',27442,16840,'Ex numquam atque nihil et hic quos sit. Eveniet dolores praesentium delectus doloremque exercitationem magnam. Ipsum pariatur sint id quia. Veniam magnam eius voluptatem a.'),(33,2,'Antarctica (the territory South of 60 deg S)',29471,10519,'Dolore animi perferendis numquam eum. Nisi consequatur atque asperiores et inventore. Necessitatibus saepe exercitationem architecto.'),(34,7,'India',18623,6353,'Veniam harum eveniet provident est veritatis. Assumenda porro natus et expedita iste occaecati. Ea temporibus labore ut sed.'),(35,7,'Australia',17831,27362,'Illo est quibusdam veritatis suscipit. Vel at odit et laboriosam corrupti aperiam. Quia voluptates et ut molestiae.'),(36,8,'Madagascar',10553,11039,'Omnis numquam perferendis nisi sed tempora nihil. Et voluptatum ad natus voluptatem et. Iure accusantium officia ut.'),(37,3,'Tunisia',10065,19386,'Est ullam cum aut reprehenderit voluptatem. Sit eos dolorem sapiente fuga molestiae at qui porro. Natus nisi laborum accusamus iure. Sed fuga iure aliquam provident commodi asperiores.'),(38,3,'Italy',6252,1214,'Tempore earum assumenda nisi repellat similique laudantium eius. Facilis accusantium id libero. Aut enim et quisquam dicta ducimus nostrum.'),(39,0,'Bouvet Island (Bouvetoya)',4084,4538,'Nisi cum eius voluptas culpa omnis animi. Cumque dolorem laudantium voluptatem est quod ut et. At eum molestiae quo at. Eaque quis sit rerum distinctio eum.'),(40,2,'Malawi',8280,18141,'Ea ipsam possimus quisquam dignissimos possimus. Voluptatem aliquid et et error. Assumenda mollitia eaque veniam perferendis quod.'),(41,2,'Nicaragua',10140,10319,'Consequatur repellendus qui unde dolorum sapiente qui. Quis a dolorem rem rerum sunt dolore doloremque. Et et consequatur quo cum maxime quos. Non ut sequi error dolore nesciunt et odit.'),(42,5,'Australia',4418,5005,'Omnis aut cum aut qui pariatur. Dolor quibusdam voluptates ea consectetur aut. Odio id fugit quisquam provident. Eum repudiandae ut aperiam cum perspiciatis.'),(43,0,'Micronesia',17320,11245,'Distinctio facere reiciendis id blanditiis. Sint tempore iure accusamus eum. Iure dolore cumque dicta asperiores quia aliquam.'),(44,3,'Equatorial Guinea',18438,18573,'Non dignissimos asperiores dolor labore alias. Eveniet enim a nostrum aut sint quisquam. Dolorem nobis sunt ipsam velit ducimus. Quasi ipsum ad aut sit est.'),(45,9,'Netherlands Antilles',14738,9629,'Cum suscipit vel et harum. Quo aut voluptate voluptatem. Possimus sint tenetur cum sequi sed architecto. Aut molestiae deleniti saepe illo aut aliquam.'),(46,8,'Venezuela',19841,3759,'Cupiditate aut esse facere dicta est cupiditate. Praesentium odio totam temporibus repudiandae debitis non.'),(47,0,'Rwanda',6592,20398,'Quos sit consectetur laudantium est ducimus adipisci at. Ipsum corporis dignissimos nemo temporibus explicabo. Et labore doloremque vel atque qui sint.'),(48,3,'Suriname',22214,7966,'Doloremque odit incidunt sed ut. Corrupti quo reprehenderit et tempore delectus ut voluptatem amet. Quia dicta est voluptas delectus quia ipsa.'),(49,6,'Cocos (Keeling) Islands',27071,23859,'Rerum voluptatem illo beatae in soluta. Similique tenetur aliquid deleniti numquam qui facilis. Provident itaque maiores nobis laborum praesentium vel sed. A excepturi dolor ex vitae expedita.'),(50,2,'Angola',2429,26244,'Ut quia perferendis dolor soluta molestiae. Cum vitae est officiis dolore sed est molestiae. Labore ducimus quo alias consequatur illo quis. Ea dignissimos odio non voluptatem.'),(51,8,'Cyprus',9577,28013,'Est nihil molestiae corrupti aut provident distinctio. Nisi sed ea ea necessitatibus eum quasi fuga. Praesentium est alias saepe nisi sequi. Facere est aspernatur aut.'),(52,7,'Azerbaijan',22507,4640,'Ipsum quod ut commodi neque fugiat sequi. Tempore voluptatem rerum eum ipsum quia voluptate sequi. Ea ratione molestiae molestiae illum temporibus. Odio nesciunt laudantium eveniet ullam.'),(53,0,'Austria',5426,4693,'Dolorem itaque esse laudantium sunt. Quo ad ducimus rem voluptate. Iste eum optio ducimus itaque veniam.'),(54,1,'Jamaica',27054,9384,'Modi laborum natus vitae commodi distinctio. Sed sunt ullam accusantium qui aut recusandae. Alias consequuntur est vitae suscipit eum mollitia quidem.'),(55,2,'Saint Vincent and the Grenadines',15880,19352,'Molestias amet harum ut illo fugiat quidem. Et tempore et ea itaque aut. Qui deleniti ipsam neque nam sit perferendis nihil. Ex exercitationem modi amet perspiciatis.'),(56,9,'Falkland Islands (Malvinas)',16036,7183,'Voluptatem rerum aut voluptate animi quia. Et tenetur ab assumenda dignissimos. Porro molestiae odit optio et. Consequatur alias atque quae nobis saepe nam.'),(57,3,'Jordan',1496,27911,'Ea aperiam voluptas officiis facilis facere et sapiente. Rerum nihil qui molestiae autem. Non deserunt tenetur sint aliquid ipsa quam voluptas quibusdam.'),(58,0,'Mauritius',5840,19434,'Id aperiam eligendi corrupti amet pariatur vero consectetur voluptatem. Deleniti laboriosam quam non voluptates officiis est. Corrupti qui quo eveniet.'),(59,6,'French Guiana',28247,3910,'Temporibus eveniet odit quis adipisci. Doloremque voluptatibus repellat voluptatem a qui illum. Aspernatur sit totam voluptatem officiis sint nisi quis.'),(60,2,'Puerto Rico',12692,13607,'Nobis culpa sequi qui sit accusantium reiciendis. Et a optio perspiciatis et occaecati molestias eum. Aut esse itaque perspiciatis exercitationem quia ut et.'),(61,0,'Greenland',12796,5271,'Pariatur consectetur magnam omnis accusantium dolor blanditiis. Sapiente consequatur nisi inventore enim molestias officia adipisci. Provident ut quod sit dolore.'),(62,8,'Belize',2787,20043,'Ducimus cumque hic quos et voluptatem. Ipsa aut odio fuga illo ad laudantium. Eius quae assumenda ut.'),(63,6,'Vietnam',11776,23151,'Voluptas quo est ea. Ea ut sequi accusamus laudantium nostrum et. Est unde est consequatur nemo quo. Laborum harum sint voluptatibus.'),(64,5,'Isle of Man',1173,4207,'Nulla consequuntur dolor laborum dolores eum explicabo vel. At ex quibusdam facilis optio. Exercitationem nihil labore odio a cum officia.'),(65,8,'Antarctica (the territory South of 60 deg S)',19352,3873,'Doloremque ut necessitatibus qui asperiores voluptatem quam. Sit velit quis inventore delectus eius illum velit.'),(66,8,'Togo',9655,11191,'Nemo saepe itaque quo qui quo. Repellendus et voluptatem fuga debitis voluptate quo. Alias velit aut recusandae ducimus.'),(67,4,'Saint Barthelemy',13243,16948,'Voluptate voluptas aut reprehenderit asperiores. Temporibus sint qui reiciendis possimus. Maxime voluptatem commodi et voluptates repellat accusamus quidem. Provident sunt voluptatum nihil maxime.'),(68,4,'France',7324,8347,'Eos soluta est doloribus unde quisquam est quibusdam. Nam ab voluptatem a earum nesciunt. Unde laudantium velit enim qui. Suscipit sed dolore eveniet omnis.'),(69,0,'South Georgia and the South Sandwich Islands',26890,13268,'Unde et voluptatem explicabo ab sed voluptate. Qui beatae omnis temporibus aliquid et qui est. Quod delectus mollitia quo consequatur. Minima repellendus itaque dolorum recusandae quia.'),(70,0,'Algeria',15832,16050,'Quo sit omnis quis. Molestias aliquam vel eos ipsa. Animi itaque fugiat corporis assumenda tempore eaque voluptatem.'),(71,9,'Comoros',12350,19691,'Praesentium doloribus dolorum quia. Omnis fuga aliquid ut quo. Eveniet cupiditate quos sit qui a nulla ut.'),(72,3,'Australia',12820,15126,'Molestias ipsam voluptatibus magnam ab. Ut est dolores vitae aut consequatur corrupti. Qui omnis occaecati esse natus necessitatibus. Delectus dolores provident dolores quasi.'),(73,4,'Austria',29620,18483,'Quos omnis illo quibusdam adipisci. Odit ut eaque sit ducimus repellendus suscipit.'),(74,9,'Cuba',10443,15770,'Et hic voluptas repellat asperiores eum facilis. Tempora ut accusamus saepe. Laboriosam vel quos asperiores voluptatem rerum voluptatem voluptas fugit.'),(75,2,'Bangladesh',3013,4453,'Aliquam voluptate eveniet enim eum corrupti magni soluta. Aspernatur pariatur amet sit. Necessitatibus ea illum fugiat temporibus occaecati error corporis.'),(76,9,'Benin',26646,19505,'Quam cumque autem quo quis. Omnis autem ab amet at et expedita. Rerum autem consequuntur nihil in exercitationem dolorum est earum.'),(77,0,'Greece',1214,28909,'Ex ex asperiores velit blanditiis maiores. Eos ipsam asperiores dolores eligendi vero. Nam repellat aut quia dolores sed sed pariatur. Ipsum quam fugit soluta praesentium illum vel molestiae.'),(78,7,'Bolivia',14822,10692,'Excepturi vero harum dolorem minima eum at ratione. Et totam tempora laborum aliquam sint. Ut similique minus expedita explicabo.'),(79,7,'Anguilla',14478,2847,'Mollitia et est cum et. Fugit libero qui ipsum. Dignissimos rem eligendi ut necessitatibus est error.'),(80,1,'Denmark',4253,28087,'Voluptas quia repellendus eius eaque. Enim omnis esse fugiat similique. Perferendis odit aut nulla non vero. In repellendus architecto et dolor quidem.'),(81,4,'Bouvet Island (Bouvetoya)',7727,18339,'Vero voluptatem amet dolorem ipsam. Quis corporis corporis aut molestias alias qui. Consequatur exercitationem expedita rem sit.'),(82,6,'Liberia',5941,12986,'Aut accusantium quasi impedit natus. Nihil est et natus qui sed nihil beatae. Ut qui sit consequuntur aut et. Distinctio itaque ducimus asperiores qui vel quo nam.'),(83,5,'Czech Republic',28337,1520,'Quia nostrum ut facilis saepe. Voluptatum dolorem odio dolor accusamus vitae laudantium. Ipsam error dicta blanditiis praesentium dolorem.'),(84,8,'Greenland',22132,29344,'Vel ipsam nostrum id eaque libero beatae. A culpa enim corporis veniam autem. Aut molestias recusandae ut doloremque libero sit ad qui. Inventore ipsum odit ad voluptatem nemo sunt sed.'),(85,7,'Cook Islands',29353,29596,'Voluptatem sapiente voluptates expedita ea quasi asperiores est. Ullam ut doloribus provident unde. Recusandae mollitia mollitia qui omnis.'),(86,8,'Reunion',1117,27148,'Molestiae ipsa sit nihil qui. Ex explicabo dolores molestiae totam aut. Asperiores ipsum odit ducimus ut.'),(87,9,'Gambia',8869,8316,'Et et omnis odio delectus quis expedita. Minus et debitis repudiandae nulla et voluptatum at maxime. Eum alias vel qui dicta eveniet. Laborum laboriosam sequi dolorem laboriosam.'),(88,6,'Barbados',24253,6377,'Et aut et nostrum porro quo. Autem harum qui nisi illum hic soluta consequatur. Molestiae culpa natus sequi dignissimos qui fugit. Fugiat neque expedita quo nulla.'),(89,7,'Turkey',22995,23853,'Corporis quam possimus qui perspiciatis eum perferendis ipsa ut. Laboriosam sed consectetur libero dolore sunt aut. Sit possimus ad ipsam totam suscipit quae.'),(90,4,'Portugal',8638,12025,'Quia sed velit dolor enim eum non sed. Itaque blanditiis et beatae molestiae omnis. Et et beatae itaque sed at eum.'),(91,3,'Somalia',14116,4478,'Error autem maxime aut aliquam temporibus et est. Voluptatum et libero ad et. Perspiciatis asperiores omnis rerum et voluptatum.'),(92,9,'Estonia',24476,29168,'Sunt laudantium cupiditate dolorem. Et perspiciatis odit in incidunt. Est ea non ut ut nihil corrupti. Aspernatur aperiam suscipit dolorum ut.'),(93,7,'Korea',7838,24618,'Nihil aut similique inventore neque amet amet voluptas tempore. Ut est rerum error quia perspiciatis molestias. Voluptas qui dolores similique. Non ea reprehenderit iure impedit.'),(94,4,'Norfolk Island',19324,6486,'Est impedit aut laudantium veritatis velit exercitationem est. Quas error quidem facilis. Beatae sequi eaque amet rem ad et.'),(95,5,'Niger',7724,27511,'Cum accusamus reiciendis tenetur illum saepe et. Quasi sed eaque commodi ab. Ex et id possimus nihil voluptates voluptas est nisi.'),(96,6,'Taiwan',28220,5034,'In assumenda aut debitis vero aspernatur. Sit quis quasi et consequatur.'),(97,4,'Armenia',22868,14213,'Omnis eos ut impedit et qui voluptatem. Voluptatibus est ut et non aut incidunt minus quia. Maiores officia quia ab quod est rerum ab. Voluptas autem beatae qui incidunt eaque quis sed.'),(98,7,'Algeria',26142,14240,'Harum magnam quae deserunt repudiandae beatae expedita quo. Labore ut odit debitis officiis a debitis et. Rem et perferendis maxime accusantium ut quo. Quia perferendis pariatur est consequatur et.'),(99,4,'Korea',20570,11828,'Velit illum quo repudiandae quibusdam. Ea laudantium nobis velit eius consequatur minima et. Minus non voluptas ad quibusdam.'),(100,7,'Gambia',22343,15677,'In aperiam ut qui vitae fugit. Quia facere sed quia quas repudiandae ea. Et et ipsam voluptatibus ratione beatae sint laboriosam. Omnis ab eum cupiditate aut aliquid dicta.');
/*!40000 ALTER TABLE `film_details` ENABLE KEYS */;
UNLOCK TABLES;

--
-- Table structure for table `film_genres`
--

DROP TABLE IF EXISTS `film_genres`;
/*!40101 SET @saved_cs_client     = @@character_set_client */;
/*!50503 SET character_set_client = utf8mb4 */;
CREATE TABLE `film_genres` (
  `film_id` bigint(20) unsigned NOT NULL,
  `genre_id` bigint(20) unsigned NOT NULL,
  PRIMARY KEY (`film_id`,`genre_id`),
  KEY `genre_id` (`genre_id`),
  CONSTRAINT `film_genres_ibfk_1` FOREIGN KEY (`film_id`) REFERENCES `films` (`id`),
  CONSTRAINT `film_genres_ibfk_2` FOREIGN KEY (`genre_id`) REFERENCES `genres` (`id`)
) ENGINE=InnoDB DEFAULT CHARSET=utf8 COLLATE=utf8_unicode_ci;
/*!40101 SET character_set_client = @saved_cs_client */;

--
-- Dumping data for table `film_genres`
--

LOCK TABLES `film_genres` WRITE;
/*!40000 ALTER TABLE `film_genres` DISABLE KEYS */;
INSERT INTO `film_genres` VALUES (1,1),(9,1),(17,1),(25,1),(33,1),(41,1),(49,1),(57,1),(65,1),(73,1),(81,1),(89,1),(97,1),(2,2),(10,2),(18,2),(26,2),(34,2),(42,2),(50,2),(58,2),(66,2),(74,2),(82,2),(90,2),(98,2),(3,3),(11,3),(19,3),(27,3),(35,3),(43,3),(51,3),(59,3),(67,3),(75,3),(83,3),(91,3),(99,3),(4,4),(12,4),(20,4),(28,4),(36,4),(44,4),(52,4),(60,4),(68,4),(76,4),(84,4),(92,4),(100,4),(5,5),(13,5),(21,5),(29,5),(37,5),(45,5),(53,5),(61,5),(69,5),(77,5),(85,5),(93,5),(6,6),(14,6),(22,6),(30,6),(38,6),(46,6),(54,6),(62,6),(70,6),(78,6),(86,6),(94,6),(7,7),(15,7),(23,7),(31,7),(39,7),(47,7),(55,7),(63,7),(71,7),(79,7),(87,7),(95,7),(8,8),(16,8),(24,8),(32,8),(40,8),(48,8),(56,8),(64,8),(72,8),(80,8),(88,8),(96,8);
/*!40000 ALTER TABLE `film_genres` ENABLE KEYS */;
UNLOCK TABLES;

--
-- Table structure for table `film_status`
--

DROP TABLE IF EXISTS `film_status`;
/*!40101 SET @saved_cs_client     = @@character_set_client */;
/*!50503 SET character_set_client = utf8mb4 */;
CREATE TABLE `film_status` (
  `target_film_id` bigint(20) unsigned NOT NULL,
  `for_user_id` bigint(20) unsigned NOT NULL,
  `status` enum('not watch','want watch','watched') CHARACTER SET utf8 COLLATE utf8_unicode_ci DEFAULT NULL,
  PRIMARY KEY (`target_film_id`,`for_user_id`),
  KEY `for_user_id` (`for_user_id`),
  CONSTRAINT `film_status_ibfk_1` FOREIGN KEY (`target_film_id`) REFERENCES `films` (`id`),
  CONSTRAINT `film_status_ibfk_2` FOREIGN KEY (`for_user_id`) REFERENCES `users` (`id`)
) ENGINE=InnoDB DEFAULT CHARSET=utf8 COLLATE=utf8_unicode_ci;
/*!40101 SET character_set_client = @saved_cs_client */;

--
-- Dumping data for table `film_status`
--

LOCK TABLES `film_status` WRITE;
/*!40000 ALTER TABLE `film_status` DISABLE KEYS */;
INSERT INTO `film_status` VALUES (1,1,'watched'),(2,2,'want watch'),(3,3,'not watch'),(4,4,'not watch'),(5,5,'want watch'),(6,6,'watched'),(7,7,'want watch'),(8,8,'not watch'),(9,9,'watched'),(10,10,'watched'),(11,11,'not watch'),(12,12,'not watch'),(13,13,'want watch'),(14,14,'watched'),(15,15,'want watch'),(16,16,'watched'),(17,17,'watched'),(18,18,'watched'),(19,19,'want watch'),(20,20,'watched'),(21,21,'want watch'),(22,22,'want watch'),(23,23,'not watch'),(24,24,'watched'),(25,25,'not watch'),(26,26,'want watch'),(27,27,'watched'),(28,28,'not watch'),(29,29,'watched'),(30,30,'watched'),(31,31,'watched'),(32,32,'not watch'),(33,33,'not watch'),(34,34,'want watch'),(35,35,'not watch'),(36,36,'watched'),(37,37,'want watch'),(38,38,'watched'),(39,39,'not watch'),(40,40,'not watch'),(41,41,'want watch'),(42,42,'watched'),(43,43,'watched'),(44,44,'want watch'),(45,45,'want watch'),(46,46,'watched'),(47,47,'want watch'),(48,48,'watched'),(49,49,'not watch'),(50,50,'watched'),(51,51,'watched'),(52,52,'want watch'),(53,53,'not watch'),(54,54,'not watch'),(55,55,'not watch'),(56,56,'want watch'),(57,57,'watched'),(58,58,'want watch'),(59,59,'not watch'),(60,60,'watched'),(61,61,'not watch'),(62,62,'want watch'),(63,63,'want watch'),(64,64,'want watch'),(65,65,'want watch'),(66,66,'not watch'),(67,67,'want watch'),(68,68,'want watch'),(69,69,'want watch'),(70,70,'not watch'),(71,71,'not watch'),(72,72,'watched'),(73,73,'want watch'),(74,74,'not watch'),(75,75,'watched'),(76,76,'watched'),(77,77,'watched'),(78,78,'want watch'),(79,79,'watched'),(80,80,'not watch'),(81,81,'watched'),(82,82,'watched'),(83,83,'not watch'),(84,84,'want watch'),(85,85,'watched'),(86,86,'want watch'),(87,87,'not watch'),(88,88,'want watch'),(89,89,'watched'),(90,90,'not watch'),(91,91,'not watch'),(92,92,'watched'),(93,93,'want watch'),(94,94,'want watch'),(95,95,'watched'),(96,96,'watched'),(97,97,'want watch'),(98,98,'want watch'),(99,99,'watched'),(100,100,'not watch');
/*!40000 ALTER TABLE `film_status` ENABLE KEYS */;
UNLOCK TABLES;

--
-- Table structure for table `films`
--

DROP TABLE IF EXISTS `films`;
/*!40101 SET @saved_cs_client     = @@character_set_client */;
/*!50503 SET character_set_client = utf8mb4 */;
CREATE TABLE `films` (
  `id` bigint(20) unsigned NOT NULL AUTO_INCREMENT,
  `title` varchar(100) CHARACTER SET utf8 COLLATE utf8_unicode_ci DEFAULT NULL,
  `stage_director` varchar(100) CHARACTER SET utf8 COLLATE utf8_unicode_ci DEFAULT NULL,
  `release_date` date DEFAULT NULL,
  PRIMARY KEY (`id`),
  UNIQUE KEY `id` (`id`),
  KEY `films_title_idx` (`title`),
  KEY `release_date_films_idx` (`release_date`)
) ENGINE=InnoDB AUTO_INCREMENT=101 DEFAULT CHARSET=utf8 COLLATE=utf8_unicode_ci;
/*!40101 SET character_set_client = @saved_cs_client */;

--
-- Dumping data for table `films`
--

LOCK TABLES `films` WRITE;
/*!40000 ALTER TABLE `films` DISABLE KEYS */;
INSERT INTO `films` VALUES (1,'et','Mr. Christ Mertz','2009-07-07'),(2,'voluptatem','Max Schuster','1996-09-05'),(3,'et','Thad Mraz','1982-10-02'),(4,'error','Stan Feil','2013-09-28'),(5,'deleniti','Elise Bashirian','2004-04-17'),(6,'quia','Kendra Wisozk','1998-08-30'),(7,'accusamus','Josefa Shields','2016-12-05'),(8,'ut','Marina Bins','2010-07-10'),(9,'sed','Alisha Medhurst','2012-07-24'),(10,'rerum','Jace Kunde','2007-12-08'),(11,'voluptas','Jerry Sipes V','1977-09-08'),(12,'quae','Alyson Abernathy','1970-03-05'),(13,'eos','Leonora Dickens','2003-05-27'),(14,'natus','Dr. Marcelina Pollich Sr.','2002-03-28'),(15,'consequatur','Laurel Streich','1974-08-04'),(16,'facere','Philip Zboncak','2000-01-20'),(17,'repellat','Audrey Cummerata','1984-05-30'),(18,'aut','Mr. Ferne Wuckert MD','2001-02-13'),(19,'impedit','Hilton Olson','2016-06-03'),(20,'molestiae','Demetris Morissette I','2010-09-11'),(21,'omnis','Mr. Green Hettinger','1983-03-25'),(22,'voluptatem','Prof. Gracie Medhurst','2010-12-12'),(23,'quia','Dr. Verner Funk','1990-07-02'),(24,'iusto','Prof. Hester Hegmann','2017-04-02'),(25,'nostrum','Maymie Batz','1994-07-21'),(26,'illum','Vilma Nienow','2016-08-16'),(27,'totam','Stephan Rath','1976-02-28'),(28,'ut','Itzel Graham','2004-05-02'),(29,'harum','Eliane Price','1979-08-13'),(30,'ipsum','Bartholome Huels','2018-03-10'),(31,'qui','Wilhelmine Purdy','2017-08-27'),(32,'vel','Reed Hyatt','1973-12-09'),(33,'voluptates','Mr. Glennie Schumm V','2017-06-16'),(34,'aut','Arjun White','2001-09-07'),(35,'id','Miss Allene Douglas','1995-06-26'),(36,'commodi','Kamron Becker','1989-05-11'),(37,'ex','Lyla Lang','1984-11-27'),(38,'quia','Flo Wehner Jr.','2008-08-14'),(39,'omnis','Aaron Brakus','2003-04-30'),(40,'accusamus','Ryan Wyman','1983-03-30'),(41,'voluptas','Joaquin Morar','2009-03-09'),(42,'dolores','Miss Kari Brekke','1999-08-31'),(43,'est','Miss Marta Will I','2007-12-10'),(44,'iure','Doug Vandervort','1998-06-14'),(45,'occaecati','Ms. Icie Shanahan II','1988-01-21'),(46,'cum','Laurence Wiza','1985-09-22'),(47,'aut','Roy Vandervort','1991-05-01'),(48,'veritatis','Miss Marjory Lind MD','1989-12-22'),(49,'id','Santos Hayes','1976-08-18'),(50,'et','Haleigh King MD','2017-01-29'),(51,'necessitatibus','Augusta Kulas','1989-06-30'),(52,'repellendus','Mae Lynch','1985-07-21'),(53,'vel','Kamron Herman IV','1973-10-27'),(54,'dolor','Fletcher Abernathy','1995-11-17'),(55,'et','Aliya Nolan','2012-10-21'),(56,'consequatur','Marjory Kuvalis','1997-09-02'),(57,'blanditiis','Sebastian Romaguera','1993-02-16'),(58,'et','Dario Jenkins','1985-02-22'),(59,'quis','Mr. Leonard Orn','1977-09-25'),(60,'sed','Ms. Haylee Schuster PhD','1984-12-29'),(61,'ullam','Norbert Kunze','1999-01-07'),(62,'ut','Carol Gislason','2006-04-05'),(63,'eveniet','Prof. Sammie Robel DDS','2008-03-17'),(64,'vel','Sister Dare','2019-11-14'),(65,'odit','Sabina Davis Jr.','2001-11-06'),(66,'sit','Lucienne Brakus','1979-04-24'),(67,'voluptas','Prof. Viviane Jakubowski IV','2008-02-23'),(68,'sapiente','Francesca Pollich','2009-09-01'),(69,'nisi','Miss Dawn Lakin Sr.','1991-01-22'),(70,'quae','Dr. Corene Durgan','2009-06-12'),(71,'placeat','Chasity Hansen','1999-01-18'),(72,'assumenda','Myriam Stamm II','1982-11-27'),(73,'adipisci','Fannie Feeney','1988-12-27'),(74,'totam','Curtis Turner','1988-01-15'),(75,'quae','Martine Bayer','1987-02-16'),(76,'beatae','Max Ratke','1983-07-04'),(77,'ut','Keara Nicolas','1986-04-20'),(78,'et','King Miller DVM','1992-04-04'),(79,'eos','Domenick Douglas','1983-04-23'),(80,'veritatis','Ruth Marquardt MD','2015-04-18'),(81,'placeat','Wilford Wiza','2016-11-21'),(82,'expedita','Sebastian Batz DDS','2012-12-17'),(83,'velit','Clotilde Wisozk','1983-08-14'),(84,'illum','Giovanny Russel III','1983-09-04'),(85,'vitae','Burnice Cruickshank','1975-11-20'),(86,'id','Pearlie Cummerata','1971-06-08'),(87,'ex','Karen Medhurst','2001-03-19'),(88,'natus','Brook Romaguera Sr.','2007-08-29'),(89,'et','Kirsten Hills','2015-07-02'),(90,'explicabo','Mr. Wilfredo Abshire','1985-03-08'),(91,'error','Dr. Ceasar Toy Sr.','1982-07-19'),(92,'nemo','Prof. Jameson Becker Jr.','1973-01-08'),(93,'exercitationem','Prof. Kaci Walter II','1983-09-05'),(94,'iste','Aditya Trantow PhD','1999-02-15'),(95,'odit','Blaise Corwin','2008-05-31'),(96,'esse','Aniya Wolff','1975-10-27'),(97,'laudantium','Louvenia Bechtelar','1992-10-22'),(98,'quam','Carole Sanford','2018-05-17'),(99,'deleniti','Letha Medhurst Jr.','2005-06-11'),(100,'et','Garth Goyette','1970-07-01');
/*!40000 ALTER TABLE `films` ENABLE KEYS */;
UNLOCK TABLES;

--
-- Table structure for table `genres`
--

DROP TABLE IF EXISTS `genres`;
/*!40101 SET @saved_cs_client     = @@character_set_client */;
/*!50503 SET character_set_client = utf8mb4 */;
CREATE TABLE `genres` (
  `id` bigint(20) unsigned NOT NULL AUTO_INCREMENT,
  `name` varchar(100) CHARACTER SET utf8 COLLATE utf8_unicode_ci DEFAULT NULL,
  PRIMARY KEY (`id`),
  UNIQUE KEY `id` (`id`),
  KEY `name` (`name`)
) ENGINE=InnoDB AUTO_INCREMENT=9 DEFAULT CHARSET=utf8 COLLATE=utf8_unicode_ci;
/*!40101 SET character_set_client = @saved_cs_client */;

--
-- Dumping data for table `genres`
--

LOCK TABLES `genres` WRITE;
/*!40000 ALTER TABLE `genres` DISABLE KEYS */;
INSERT INTO `genres` VALUES (5,'doloremque'),(8,'ducimus'),(1,'molestiae'),(7,'quas'),(4,'quidem'),(2,'quis'),(3,'sapiente'),(6,'voluptatum');
/*!40000 ALTER TABLE `genres` ENABLE KEYS */;
UNLOCK TABLES;

--
-- Table structure for table `media`
--

DROP TABLE IF EXISTS `media`;
/*!40101 SET @saved_cs_client     = @@character_set_client */;
/*!50503 SET character_set_client = utf8mb4 */;
CREATE TABLE `media` (
  `id` bigint(20) unsigned NOT NULL AUTO_INCREMENT,
  `media_type_id` bigint(20) unsigned NOT NULL,
  `film_id` bigint(20) unsigned NOT NULL,
  `filename` varchar(255) CHARACTER SET utf8 COLLATE utf8_unicode_ci DEFAULT NULL,
  `size` int(11) DEFAULT NULL,
  `metadata` longtext CHARACTER SET utf8mb4 COLLATE utf8mb4_bin,
  PRIMARY KEY (`id`),
  UNIQUE KEY `id` (`id`),
  KEY `media_type_id` (`media_type_id`),
  KEY `film_id` (`film_id`),
  CONSTRAINT `media_ibfk_1` FOREIGN KEY (`media_type_id`) REFERENCES `media_types` (`id`),
  CONSTRAINT `media_ibfk_2` FOREIGN KEY (`film_id`) REFERENCES `films` (`id`)
) ENGINE=InnoDB AUTO_INCREMENT=101 DEFAULT CHARSET=utf8 COLLATE=utf8_unicode_ci;
/*!40101 SET character_set_client = @saved_cs_client */;

--
-- Dumping data for table `media`
--

LOCK TABLES `media` WRITE;
/*!40000 ALTER TABLE `media` DISABLE KEYS */;
INSERT INTO `media` VALUES (1,1,1,'animi',6397,'Odio molestias repudiandae nemo officia dolorem molestiae. Temporibus ex aut totam odit eveniet aliquid. Dolorem quod sint saepe officia odit doloremque nihil.'),(2,2,2,'est',454102,'Aut nam deserunt magnam voluptate earum magni aut. Sed asperiores in eum rerum. Est voluptatum autem quae corrupti vero itaque ad.'),(3,3,3,'consequuntur',47,'Perferendis molestiae ab unde et rem. Mollitia quos tempore sed perspiciatis voluptates. Aut aut adipisci culpa quia.'),(4,4,4,'tenetur',936121,'Architecto beatae incidunt consequatur possimus. Omnis omnis neque eveniet vel. Eveniet et tenetur est ullam laboriosam.'),(5,1,5,'aut',6894247,'Dolor quo quibusdam asperiores ut. Dolorum commodi dolores atque et aut enim provident. Aut pariatur magni debitis ipsam sit.'),(6,2,6,'impedit',62753,'Iste reiciendis impedit reiciendis unde qui dicta eligendi nobis. Rerum est asperiores unde. Facere non suscipit dolor est rerum pariatur quasi. Et voluptatum laudantium possimus facere modi sunt et.'),(7,3,7,'libero',3,'Enim dolore consequuntur facilis praesentium voluptas. Numquam sunt soluta voluptas quo. Voluptatibus doloremque sed odio reiciendis est consequatur. Nemo sed ducimus autem modi suscipit doloribus.'),(8,4,8,'quis',0,'Voluptatem sed dolore quia atque numquam vero molestiae. Explicabo explicabo asperiores earum ut et modi. Dolor nam sapiente expedita aut.'),(9,1,9,'odio',985260,'Ipsum sed in adipisci suscipit deserunt cumque. Similique nostrum numquam commodi adipisci dolor reiciendis quidem. Nesciunt id ut sed provident.'),(10,2,10,'impedit',0,'Deserunt error animi totam dolor. Et praesentium quia fugit et cumque eaque minima. Facere earum nihil error a. Odio molestiae eaque numquam sit modi.'),(11,3,11,'sunt',25356444,'Ad consequatur sunt deserunt enim aliquam ut iusto voluptas. Qui totam ea consequatur eveniet. Optio tempore quo reiciendis nihil labore eos. Nobis quasi debitis voluptas ipsa ut velit.'),(12,4,12,'libero',14135,'Et necessitatibus ea aut laborum quae sit voluptatem. Velit eum consequatur quos. Ut ipsam nulla ut consequatur. Quia aspernatur ad qui ipsum.'),(13,1,13,'qui',9390,'Veniam perspiciatis blanditiis alias dolorem aut qui voluptatum quasi. Est sit impedit ipsa perferendis voluptas doloremque minus dolorum. Perspiciatis eius quod ullam corporis nisi.'),(14,2,14,'dolorem',8687,'Quia quia dolorum soluta quia corporis non. Facilis eveniet et sunt consequatur dicta reprehenderit. Sed saepe eaque eaque maiores voluptates adipisci exercitationem nostrum.'),(15,3,15,'tempore',3253,'Et molestiae impedit ut in suscipit aut quisquam. Quas tenetur voluptas cum. Quia culpa neque iste autem mollitia. Totam velit quod sed temporibus sed pariatur.'),(16,4,16,'nulla',22,'Et magnam itaque voluptatibus vitae. Fuga minima recusandae mollitia facilis eaque a consectetur. Laboriosam aliquam voluptatem pariatur dolore fuga cum quia.'),(17,1,17,'tempore',750623924,'Mollitia molestias delectus at aut aperiam ipsa nulla. Ipsam quos omnis quidem aliquam odit. Eum debitis et est. Dicta cupiditate qui aperiam veniam quidem.'),(18,2,18,'modi',8711,'Tempora natus facere amet quae temporibus. At ipsa deleniti delectus enim qui provident adipisci. Commodi quam natus dolores exercitationem.'),(19,3,19,'officiis',57,'Qui corrupti saepe doloremque eos et qui non debitis. Eaque et ipsa maiores totam cum delectus quia. Quam et ut dolore ut quis commodi.'),(20,4,20,'vel',0,'Explicabo nam quis rerum corporis deleniti et. Aut sapiente voluptatum praesentium velit. Aliquid quo praesentium dolor et quia reprehenderit. Fuga totam ut consequatur molestiae et ea deserunt.'),(21,1,21,'ipsum',3630537,'Est necessitatibus quisquam aut earum. Vitae et aliquid veritatis. Et deleniti sed blanditiis consequatur. Ut officiis eveniet eum architecto voluptas eum qui.'),(22,2,22,'et',645,'Qui ut omnis vel. Nisi sed ullam deserunt autem voluptates provident quaerat sunt. Autem sed ratione ipsam quas rerum. Voluptas dolores error unde maiores et aperiam exercitationem.'),(23,3,23,'veniam',384446177,'Autem ipsum laboriosam quia. Repudiandae cupiditate aperiam facere nihil perspiciatis. Sint labore temporibus nesciunt cum et.'),(24,4,24,'eos',992,'Amet ut eos laborum aliquam et. Sint hic quas libero earum quidem. Voluptatem est facilis totam veniam autem.'),(25,1,25,'sed',51052022,'Aut voluptas quo explicabo iure qui harum non. Aut adipisci molestias impedit hic. Optio porro quaerat occaecati et voluptate fugiat.'),(26,2,26,'aliquam',8426129,'Aut laboriosam consequatur id id alias doloribus. Distinctio est voluptatem eos doloribus aut vitae nihil. Eos sequi dolores ut.'),(27,3,27,'rerum',71995147,'Dignissimos quaerat autem optio minima nihil. Enim expedita quo eos et eos culpa. Est velit unde cupiditate illum repellendus deleniti aut.'),(28,4,28,'modi',33284,'Officiis laboriosam quo modi suscipit maiores quae vel. Sit rerum deleniti amet dolore atque eveniet illo. Ea ducimus ut ullam ipsam sapiente officia temporibus perspiciatis.'),(29,1,29,'perferendis',43860,'Et officia quos in non aspernatur nemo. Dolores est aut placeat eaque laudantium consequatur. Et delectus quibusdam est qui. Rerum totam iste quia tempora.'),(30,2,30,'vel',417908,'Repellendus aliquid perspiciatis placeat in repellat necessitatibus. Consequatur aperiam ipsa et expedita minima in aut quasi. Dolores nihil est repellendus reprehenderit.'),(31,3,31,'aut',89,'Est ipsum temporibus ipsa atque incidunt voluptas. Quod voluptatibus nulla pariatur corporis impedit aut. Ut occaecati id et. Excepturi et sapiente qui.'),(32,4,32,'fugiat',3444,'Quam reprehenderit fugit enim blanditiis ut velit omnis. Explicabo expedita ex nihil aliquam quod quod. Ullam sunt et quisquam enim dicta molestiae ab. Et non sed esse ut officia sed doloribus.'),(33,1,33,'est',446277,'Nobis repellendus optio est eius non. Dolor voluptates soluta minus recusandae iste voluptatem. Itaque ut soluta soluta consequatur unde voluptatem.'),(34,2,34,'aut',489294412,'Sint facere quo ut veritatis corrupti cum. Quis aut omnis natus quidem est natus recusandae non. Rerum veritatis asperiores odit.'),(35,3,35,'pariatur',62453222,'Nemo laborum non et quas. Sint illum veniam laborum maiores. Totam ex dignissimos non veritatis consequatur omnis. Fuga non ad voluptates sit maiores ipsa animi.'),(36,4,36,'sequi',277093,'Ex ut ullam perspiciatis a est sint. Corporis aliquid sint tenetur est quos. Sunt voluptatem doloribus ipsum non placeat iusto. Corporis voluptas qui quo accusamus porro aut.'),(37,1,37,'libero',626,'Saepe sapiente veritatis reprehenderit. Dolore minima quis officia exercitationem. Labore ducimus aut sunt laborum et.'),(38,2,38,'sunt',78697,'Aut ut quo ducimus nesciunt. Dicta voluptas quod nisi et. Esse alias necessitatibus qui laborum.'),(39,3,39,'beatae',0,'Quidem deserunt rerum et dolorem. Et a vero ipsa placeat velit voluptas nihil.'),(40,4,40,'a',21181538,'Quas id vero saepe nostrum suscipit neque. Aut debitis id iste ut suscipit aliquam. Unde incidunt porro odit minus cumque qui. Aliquam dolores maiores expedita animi.'),(41,1,41,'iure',3,'Voluptatibus eos ab laboriosam perspiciatis cum harum quis. Quisquam inventore repellendus occaecati dolor consequatur quia. Fuga ducimus officia corrupti officia exercitationem.'),(42,2,42,'dolorem',0,'Tempora est et in ullam excepturi quibusdam. Qui a est ullam ex officia. Odit iure nesciunt ipsum voluptate enim porro cupiditate est. Dignissimos maxime at et quo.'),(43,3,43,'suscipit',23544,'Minima unde quibusdam dolore velit veniam mollitia. Deserunt soluta laboriosam expedita quia soluta voluptatibus. Voluptatem quia qui ut ut. Iure ex unde modi aliquid tempore ipsam.'),(44,4,44,'molestias',0,'Et consequatur distinctio laborum quia sapiente est non alias. Autem consequatur aut quo magni accusamus. Modi maiores sequi fuga consequatur.'),(45,1,45,'facere',723,'Consequatur voluptatem est vero voluptatem dolores esse consequuntur. Dolore quaerat maiores qui quis iure dignissimos consequatur.'),(46,2,46,'porro',101492878,'Quis voluptatem facere rerum. Ex est impedit nemo fugit rem sint fuga. Perferendis nemo similique eum.'),(47,3,47,'modi',418771,'Repudiandae ut sed illum ut unde nesciunt reprehenderit. Possimus qui perspiciatis accusantium distinctio.'),(48,4,48,'numquam',7,'Quia quos tempore dolore. Rerum quos accusantium placeat. Tenetur officia aut necessitatibus.'),(49,1,49,'dolorem',34,'Minus molestias laborum facere nemo esse aperiam laborum. Qui atque autem ipsam enim ducimus qui doloribus quos. Deleniti eos earum consequatur unde in quo.'),(50,2,50,'quaerat',76308,'Exercitationem eveniet voluptas modi quia. Tempore doloremque est nam vel laboriosam. Veniam pariatur iure pariatur tempora maiores esse molestiae.'),(51,3,51,'sed',177624,'Magni quis eos impedit. Et sint animi facere totam deleniti rerum. Non ut aut autem tenetur excepturi. Unde dolorem facere animi rerum. Voluptas eligendi iusto repellat expedita.'),(52,4,52,'natus',196847,'Ab labore amet molestiae unde. Repellat minima vel ipsa facilis et. Neque ad ea odio. Dolores tempora repellat voluptas reiciendis.'),(53,1,53,'ullam',46858,'Aut facilis incidunt sed quisquam voluptas id. Aperiam id ut aut. Voluptatem hic aspernatur placeat magni ipsum. Quis sed et quia voluptatem est molestiae enim.'),(54,2,54,'omnis',48803481,'Deleniti aliquid eum est et et. Incidunt expedita delectus aut voluptas occaecati et.'),(55,3,55,'sunt',32126924,'Vel deserunt incidunt ipsum corrupti aut quaerat unde. Et dolorem non voluptatum beatae saepe. Quis dolor iste et rem.'),(56,4,56,'quia',3070185,'Voluptatem iusto velit omnis aut totam exercitationem. Corporis et numquam adipisci nemo facilis molestiae ut. Cum quisquam a aut quam et debitis. Laborum omnis quasi fugit odit.'),(57,1,57,'et',46447801,'Numquam eum molestiae assumenda repudiandae voluptate omnis sunt. Quia eaque ab assumenda et. Quasi ullam ut beatae debitis.'),(58,2,58,'cum',0,'Fugit aliquid fugiat dolores quia consequatur dolorum vitae magnam. Libero ut quos placeat laboriosam sed sunt. Vitae autem aut qui facere. Minus sunt atque voluptate.'),(59,3,59,'aliquam',7738,'Accusantium quia voluptas ut eius. Atque nam deserunt officia perferendis tenetur tempore itaque. Quas deserunt vero facere mollitia est incidunt quae odit.'),(60,4,60,'eum',258,'Nam ab ipsa fuga dicta. Nostrum ratione dolores ut voluptatem reiciendis.'),(61,1,61,'et',0,'Aliquid sed eius et sit. Perferendis rerum non et tempora animi quibusdam. Sit laborum occaecati id pariatur labore dicta omnis.'),(62,2,62,'quae',1,'Dicta dolorum tempore nihil asperiores natus nihil est. Ut dolores eum est. Similique inventore neque nulla. Exercitationem consectetur qui eum non.'),(63,3,63,'facere',15110,'Quisquam molestias quisquam fugiat labore voluptatem non. Ut voluptatem atque ullam in aut voluptatibus qui. Nesciunt asperiores quidem ut omnis.'),(64,4,64,'reiciendis',72260,'Itaque veniam dicta voluptas sunt quis. Eius tenetur est sint ducimus voluptatum itaque molestias consequatur. Minima cumque non vel dolores voluptatem eos.'),(65,1,65,'qui',7799,'Eaque quidem minima neque amet quae delectus. Veritatis doloribus quam molestiae recusandae amet deleniti rerum.'),(66,2,66,'dolores',881,'Nesciunt provident consequuntur autem. Sunt sit a et est. Ut aliquam sint laudantium quaerat quod earum ut. Molestiae aut rem quod dicta consequatur itaque est.'),(67,3,67,'quis',35393,'Nisi dolorum quas perferendis ut est. Voluptatem libero doloremque architecto eos voluptas doloremque et. Dignissimos repellat nam quia qui. Molestiae necessitatibus tenetur ea voluptate.'),(68,4,68,'adipisci',99,'Est et harum ipsam libero fuga. Quam sit sequi illo eos reiciendis cum quasi. Iure est quis dolores soluta.'),(69,1,69,'dolorem',810671,'Et et reprehenderit in molestiae aut ducimus. Quia laboriosam unde odit. Porro nobis voluptatem molestiae nesciunt harum. Aut voluptate eveniet expedita cumque.'),(70,2,70,'distinctio',4,'Iste quos tempore in qui sit. Aut nemo molestias eligendi ut ut dicta.'),(71,3,71,'modi',172106,'Veritatis voluptatem ex autem quod. At ut tempore veritatis modi soluta veniam eius. Qui laborum in sed aut inventore voluptates.'),(72,4,72,'fugit',6105196,'Perspiciatis excepturi ut in dolores eius unde molestiae. Delectus aliquid earum adipisci expedita ut est. Mollitia rerum ex quas temporibus quaerat minima et impedit.'),(73,1,73,'dolores',7130,'Dolor eveniet dolor et. Omnis et est ipsa rerum occaecati natus possimus culpa. Quasi aperiam eos quia placeat voluptatum sit culpa.'),(74,2,74,'illum',0,'Tenetur pariatur perspiciatis eos eum voluptatibus perspiciatis. Quidem optio aliquid consequatur eos id autem et. Nemo debitis corrupti enim. Delectus dolor ad est amet optio et.'),(75,3,75,'facere',557,'Laudantium mollitia error nostrum maxime. Saepe non quibusdam necessitatibus ea.\nVeniam id nam qui animi est enim. Est tempora ut asperiores repellendus. Et odio qui tenetur at commodi.'),(76,4,76,'ducimus',922346,'Voluptate et quasi nesciunt. Labore possimus saepe exercitationem quos ea sit. Ut rerum et similique accusamus fugit rerum.'),(77,1,77,'asperiores',8870,'Aut deleniti quae amet deleniti. Ullam officiis sapiente reiciendis nemo et. Voluptates et voluptatum placeat dignissimos dolor non.'),(78,2,78,'et',254736460,'Quas magni nostrum voluptatem sunt quia in. Quas et error laudantium aliquid voluptatem quia porro quidem. Quo optio id eaque aut ipsam accusamus eum inventore.'),(79,3,79,'sapiente',8561,'Eligendi voluptatem illo quaerat tempora ea. Repudiandae quod sapiente officiis architecto necessitatibus et. Accusamus iste ut quo sed debitis cumque. Nemo non eligendi et voluptatibus aut voluptas.'),(80,4,80,'autem',48,'Quos sed quas iusto explicabo. Esse quas tempora nisi natus. Dolorum illo debitis nesciunt est reprehenderit sapiente numquam eaque.'),(81,1,81,'in',504314,'Quis quis ab iure ratione distinctio repellat molestiae. Nihil et laudantium ea molestiae placeat et. Enim quo corrupti et repellendus consectetur.'),(82,2,82,'provident',0,'Quas corrupti blanditiis sapiente corporis vero consequatur dolorum. Ipsam rem nostrum consequatur delectus qui. Neque explicabo eveniet est.'),(83,3,83,'voluptas',5,'Et molestias possimus quam quia nihil quaerat. Cum itaque eos illo beatae magnam veniam quibusdam. Quisquam voluptate quia tempora cum amet laborum. Architecto sed porro est consequuntur at.'),(84,4,84,'magni',7796,'Nulla aperiam reprehenderit qui vel eius. Reprehenderit laborum consequatur voluptatem sunt corrupti voluptatem autem. Ipsam rerum est libero ratione minus. Et placeat eligendi amet atque quas.'),(85,1,85,'nihil',653285240,'Laborum neque optio delectus consectetur quo. Omnis commodi quae molestias aliquid corporis dolorum.'),(86,2,86,'vitae',7896,'Repudiandae qui ut voluptas eligendi porro repellendus. Eligendi sit ipsum aperiam deserunt quia. Quia aut id velit amet. Ea quasi quod dolorem nisi non molestiae natus debitis.'),(87,3,87,'harum',46219917,'Aliquam voluptas aut incidunt cupiditate. Doloribus error nostrum aliquid illo sit aperiam consequatur. Est minus libero quia aut suscipit quam optio. Quas suscipit ut in sit exercitationem.'),(88,4,88,'accusantium',0,'Fuga commodi pariatur voluptatem ut ducimus. Ut libero sed nihil est.'),(89,1,89,'eligendi',522757865,'Ipsa laudantium est odio non rem magnam. Qui rerum repellendus itaque velit. Aut illum esse aut qui sint impedit asperiores qui.'),(90,2,90,'repellendus',0,'Occaecati voluptate dolor voluptatibus enim ratione. Modi deleniti qui minima unde ut omnis. Delectus ipsum sed accusantium praesentium itaque. Culpa accusantium non eos expedita quis.'),(91,3,91,'sit',5982090,'Ea atque voluptate eaque quo. Nemo veritatis temporibus rerum officiis nam odio qui. Similique nobis perspiciatis fugit eaque.'),(92,4,92,'commodi',784425711,'Ullam ad perferendis harum dolores. Eveniet totam quibusdam maxime mollitia et. Doloribus quos non autem nostrum. Doloribus totam nihil et aliquam qui quam.'),(93,1,93,'corporis',20,'Praesentium rem cupiditate delectus dolores autem id et. Ullam esse iusto sint ut est est voluptates. Doloremque temporibus veritatis unde recusandae. Et rerum id enim.'),(94,2,94,'alias',4,'Inventore tenetur enim quia dolorem. Minus eos repellendus fugit ut tempore voluptatem dolor. Est vel veniam omnis pariatur.'),(95,3,95,'sed',875148,'Voluptates earum quasi sunt reprehenderit occaecati sed. Possimus vel culpa rerum officiis ipsam quasi. Sed animi sed velit natus.'),(96,4,96,'labore',291705153,'Ratione voluptatem itaque aut aliquid tempore ut. Ea nulla veniam sed. Distinctio ipsa facere dolores iste atque sunt voluptatem.'),(97,1,97,'odio',184867639,'Omnis asperiores consequuntur sed nemo quidem. Ea reiciendis voluptatem est tenetur fugiat in. Aut doloremque officiis ad enim et atque voluptas. Iste aut odit qui.'),(98,2,98,'adipisci',0,'Error officia ducimus inventore ab. Fugit facilis enim libero amet eligendi id tempore repudiandae. Est cupiditate nemo harum vel odio. Quisquam sapiente est exercitationem libero voluptatem ipsam.'),(99,3,99,'impedit',3007,'Illum et eum autem neque incidunt. Aut eum facilis vel tempora laboriosam error. Ut amet exercitationem sapiente consequatur placeat. Asperiores quaerat facere nobis quia veritatis id ipsa.'),(100,4,100,'mollitia',202915814,'Corporis laboriosam eum corporis tempore ut repudiandae aut dolores. Ut animi quo ipsum amet sequi eum deserunt. Vel similique excepturi fugit. Dolor voluptas aspernatur aut ipsum eum sit.');
/*!40000 ALTER TABLE `media` ENABLE KEYS */;
UNLOCK TABLES;

--
-- Table structure for table `media_types`
--

DROP TABLE IF EXISTS `media_types`;
/*!40101 SET @saved_cs_client     = @@character_set_client */;
/*!50503 SET character_set_client = utf8mb4 */;
CREATE TABLE `media_types` (
  `id` bigint(20) unsigned NOT NULL AUTO_INCREMENT,
  `name` varchar(200) CHARACTER SET utf8 COLLATE utf8_unicode_ci DEFAULT NULL,
  PRIMARY KEY (`id`),
  UNIQUE KEY `id` (`id`)
) ENGINE=InnoDB AUTO_INCREMENT=5 DEFAULT CHARSET=utf8 COLLATE=utf8_unicode_ci;
/*!40101 SET character_set_client = @saved_cs_client */;

--
-- Dumping data for table `media_types`
--

LOCK TABLES `media_types` WRITE;
/*!40000 ALTER TABLE `media_types` DISABLE KEYS */;
INSERT INTO `media_types` VALUES (1,'ulx'),(2,'application'),(3,'clp'),(4,'odg');
/*!40000 ALTER TABLE `media_types` ENABLE KEYS */;
UNLOCK TABLES;

--
-- Table structure for table `users`
--

DROP TABLE IF EXISTS `users`;
/*!40101 SET @saved_cs_client     = @@character_set_client */;
/*!50503 SET character_set_client = utf8mb4 */;
CREATE TABLE `users` (
  `id` bigint(20) unsigned NOT NULL AUTO_INCREMENT,
  `nickname` varchar(100) CHARACTER SET utf8 COLLATE utf8_unicode_ci DEFAULT NULL,
  PRIMARY KEY (`id`),
  UNIQUE KEY `id` (`id`)
) ENGINE=InnoDB AUTO_INCREMENT=101 DEFAULT CHARSET=utf8 COLLATE=utf8_unicode_ci;
/*!40101 SET character_set_client = @saved_cs_client */;

--
-- Dumping data for table `users`
--

LOCK TABLES `users` WRITE;
/*!40000 ALTER TABLE `users` DISABLE KEYS */;
INSERT INTO `users` VALUES (1,'Abigale'),(2,'Lucile'),(3,'Jennifer'),(4,'Sabina'),(5,'Lelah'),(6,'Alberto'),(7,'Rhett'),(8,'Hilma'),(9,'Christelle'),(10,'Abbigail'),(11,'Mikel'),(12,'Layla'),(13,'Cheyanne'),(14,'Duncan'),(15,'Akeem'),(16,'Loma'),(17,'Celine'),(18,'Hank'),(19,'Jaylan'),(20,'Beryl'),(21,'Tyshawn'),(22,'Colton'),(23,'Owen'),(24,'Imelda'),(25,'Dave'),(26,'Jackeline'),(27,'Elmo'),(28,'Aracely'),(29,'Michelle'),(30,'Fermin'),(31,'Adalberto'),(32,'Melvina'),(33,'Susanna'),(34,'Clarabelle'),(35,'Bailee'),(36,'Frankie'),(37,'Frank'),(38,'Kattie'),(39,'Benny'),(40,'Ansel'),(41,'Jaeden'),(42,'Linwood'),(43,'Ryan'),(44,'Rafaela'),(45,'Delbert'),(46,'Myra'),(47,'Chester'),(48,'Bruce'),(49,'Omer'),(50,'Keyon'),(51,'Maritza'),(52,'Warren'),(53,'Jayme'),(54,'Kurtis'),(55,'Pearlie'),(56,'Jeanne'),(57,'Kamille'),(58,'Josue'),(59,'Myra'),(60,'Arno'),(61,'Nelda'),(62,'Ansley'),(63,'Omer'),(64,'Cleveland'),(65,'Georgiana'),(66,'Herbert'),(67,'Samanta'),(68,'Conner'),(69,'Rosie'),(70,'Waylon'),(71,'Prudence'),(72,'Chandler'),(73,'Anjali'),(74,'Denis'),(75,'Jessyca'),(76,'Ignatius'),(77,'Helene'),(78,'Malinda'),(79,'Madaline'),(80,'Estelle'),(81,'Angelina'),(82,'Joel'),(83,'Kelly'),(84,'Carmine'),(85,'Shany'),(86,'Fred'),(87,'Claudine'),(88,'Betty'),(89,'Dortha'),(90,'Maximilian'),(91,'Shad'),(92,'Kaitlyn'),(93,'Pietro'),(94,'Karlee'),(95,'Porter'),(96,'Josiane'),(97,'Presley'),(98,'Valentine'),(99,'Shanie'),(100,'Tania');
/*!40000 ALTER TABLE `users` ENABLE KEYS */;
UNLOCK TABLES;

--
-- Dumping routines for database 'kinopoisk_fill'
--
/*!40103 SET TIME_ZONE=@OLD_TIME_ZONE */;

/*!40101 SET SQL_MODE=@OLD_SQL_MODE */;
/*!40014 SET FOREIGN_KEY_CHECKS=@OLD_FOREIGN_KEY_CHECKS */;
/*!40014 SET UNIQUE_CHECKS=@OLD_UNIQUE_CHECKS */;
/*!40101 SET CHARACTER_SET_CLIENT=@OLD_CHARACTER_SET_CLIENT */;
/*!40101 SET CHARACTER_SET_RESULTS=@OLD_CHARACTER_SET_RESULTS */;
/*!40101 SET COLLATION_CONNECTION=@OLD_COLLATION_CONNECTION */;
/*!40111 SET SQL_NOTES=@OLD_SQL_NOTES */;

-- Dump completed on 2019-12-02 20:35:37
